year,site,plot_id,treatment,family,genus,species,taxon,cover,functional_group,identity_known,note_cover
2018,ACJ,1,B,Poaceae,Bromus,spblue,Bromus spblue,1,graminoid,1,
2018,ACJ,1,B,Cyperaceae,Carex,pichinchensis,Carex pichinchensis,1,graminoid,1,
2018,ACJ,1,B,Poaceae,Paspalum,bonplandianum,Paspalum bonplandianum,3,graminoid,1,
2018,ACJ,1,B,Cyperaceae,Rhynchospora,macrochaeta,Rhynchospora macrochaeta,0.5,graminoid,1,
2018,ACJ,1,B,Poaceae,Calamagrostis,sp2,Calamagrostis sp2,60,graminoid,1,
2018,ACJ,1,B,Poaceae,Agrostis,spnorwegian,Agrostis spnorwegian,0.5,graminoid,0,
2018,ACJ,1,C,Poaceae,Calamagrostis,sp2,Calamagrostis sp2,55,graminoid,1,
2018,ACJ,1,C,Poaceae,Agrostis,sp2,Agrostis sp2,3,graminoid,1,
2018,ACJ,1,C,Cyperaceae,Carex,pichinchensis,Carex pichinchensis,2,graminoid,1,
2018,ACJ,1,C,Poaceae,Bromus,sp,Bromus sp,4,graminoid,1,
2018,ACJ,1,C,Cyperaceae,Rhynchospora,macrochaeta,Rhynchospora macrochaeta,1,graminoid,1,
2018,ACJ,1,C,Poaceae,Cortaderia,bifida,Cortaderia bifida,2,graminoid,1,
2018,ACJ,2,B,Cyperaceae,Carex,tristicha,Carex tristicha,7,graminoid,1,
2018,ACJ,2,B,Poaceae,Paspalum,bonplandianum,Paspalum bonplandianum,5,graminoid,1,
2018,ACJ,2,B,Cyperaceae,Rhynchospora,macrochaeta,Rhynchospora macrochaeta,2,graminoid,1,
2018,ACJ,2,B,Poaceae,Calamagrostis,sp2,Calamagrostis sp2,60,graminoid,1,
2018,ACJ,2,B,Cyperaceae,Scirpus,sp,Scirpus sp,0.5,graminoid,1,
2018,ACJ,2,B,Juncaceae,Luzula,sp,Luzula sp,0.5,graminoid,1,
2018,ACJ,3,B,Poaceae,Agrostis,spnorwegian,Agrostis spnorwegian,0.5,graminoid,1,
2018,ACJ,2,B,Poaceae,Bromus,spblue,Bromus spblue,0.5,graminoid,1,
2018,ACJ,2,C,Poaceae,Cortaderia,bifida,Cortaderia bifida,80,graminoid,1,
2018,ACJ,2,C,Juncaceae,Juncus,sp,Juncus sp,2,graminoid,1,
2018,ACJ,2,C,Poaceae,Calamagrostis,sp2,Calamagrostis sp2,25,graminoid,1,
2018,ACJ,2,C,Poaceae,Agrostis,sp2,Agrostis sp2,1,graminoid,1,
2018,ACJ,3,B,Poaceae,Bromus,sp,Bromus sp,0.5,graminoid,1,
2018,ACJ,3,B,Cyperaceae,Carex,tristicha,Carex tristicha,0.5,graminoid,0,
2018,ACJ,3,B,Poaceae,Cortaderia,bifida,Cortaderia bifida,25,graminoid,1,
2018,ACJ,3,B,Poaceae,Paspalum,bonplandianum,Paspalum bonplandianum,4,graminoid,1,
2018,ACJ,3,B,Cyperaceae,Rhynchospora,macrochaeta,Rhynchospora macrochaeta,2,graminoid,1,
2018,ACJ,3,B,Poaceae,Calamagrostis,sp2,Calamagrostis sp2,50,graminoid,1,
2018,ACJ,3,C,Poaceae,Bromus,lanatus,Bromus lanatus,0.5,graminoid,1,
2018,ACJ,3,C,Cyperaceae,Carex,pichinchensis,Carex pichinchensis,2,graminoid,1,
2018,ACJ,3,C,Poaceae,Cortaderia,bifida,Cortaderia bifida,3,graminoid,1,
2018,ACJ,3,C,Cyperaceae,Rhynchospora,macrochaeta,Rhynchospora macrochaeta,0.5,graminoid,1,
2018,ACJ,3,C,Poaceae,Calamagrostis,sp2,Calamagrostis sp2,30,graminoid,1,
2018,ACJ,3,C,Poaceae,Calamagrostis,sp3,Calamagrostis sp3,8,graminoid,1,
2018,ACJ,3,C,Poaceae,Agrostis,sp4,Agrostis sp4,3,graminoid,1,
2018,ACJ,4,B,Poaceae,Agrostis,sp2,Agrostis sp2,0.5,graminoid,1,
2018,ACJ,4,B,Poaceae,Bromus,spblue,Bromus spblue,0.5,graminoid,1,
2018,ACJ,4,B,Cyperaceae,Carex,pichinchensis,Carex pichinchensis,3,graminoid,1,
2018,ACJ,4,B,Cyperaceae,Carex,tristicha,Carex tristicha,0.5,graminoid,0,
2018,ACJ,4,B,Cyperaceae,Rhynchospora,macrochaeta,Rhynchospora macrochaeta,2,graminoid,1,
2018,ACJ,4,B,Poaceae,Calamagrostis,sp2,Calamagrostis sp2,60,graminoid,1,
2018,ACJ,4,C,Poaceae,Bromus,sp,Bromus sp,3,graminoid,1,
2018,ACJ,4,C,Cyperaceae,Carex,pichinchensis,Carex pichinchensis,0.5,graminoid,1,
2018,ACJ,4,C,Poaceae,Calamagrostis,sp2,Calamagrostis sp2,10,graminoid,1,
2018,ACJ,4,C,Poaceae,Calamagrostis,sp3,Calamagrostis sp3,25,graminoid,NA,
2018,ACJ,5,B,Poaceae,Agrostis,sp2,Agrostis sp2,1,graminoid,1,
2018,ACJ,5,B,Cyperaceae,Carex,tristicha,Carex tristicha,2,graminoid,0,
2018,ACJ,5,B,Cyperaceae,Rhynchospora,macrochaeta,Rhynchospora macrochaeta,3,graminoid,1,
2018,ACJ,5,B,Poaceae,Calamagrostis,sp2,Calamagrostis sp2,65,graminoid,1,
2018,ACJ,5,B,Juncaceae,Luzula,sp,Luzula sp,0.5,graminoid,1,
2018,ACJ,5,B,Poaceae,Agrostis,sp4,Agrostis sp4,0.5,graminoid,1,
2018,ACJ,5,B,Poaceae,Bromus,spblue,Bromus spblue,0.5,graminoid,1,
2018,ACJ,5,C,Poaceae,Agrostis,sp2,Agrostis sp2,1,graminoid,1,
2018,ACJ,5,C,Poaceae,Bromus,sp,Bromus sp,15,graminoid,1,
2018,ACJ,5,C,Cyperaceae,Carex,pichinchensis,Carex pichinchensis,0.5,graminoid,1,
2018,ACJ,5,C,Poaceae,Calamagrostis,sp2,Calamagrostis sp2,35,graminoid,1,
2018,ACJ,5,C,Cyperaceae,Rhynchospora,macrochaeta,Rhynchospora macrochaeta,1,graminoid,NA,
2018,ACJ,5,C,Poaceae,Cortaderia,bifida,Cortaderia bifida,2,graminoid,NA,
2018,PIL,1,B,Poaceae,Agrostis,sp2,Agrostis sp2,0.5,graminoid,1,
2018,PIL,1,B,Poaceae,Bromus,sp,Bromus sp,0.5,graminoid,1,
2018,PIL,1,B,Cyperaceae,Carex,sp2,Carex sp2,0.5,graminoid,1,
2018,PIL,1,B,Poaceae,Paspalum,bonplandianum,Paspalum bonplandianum,5,graminoid,1,
2018,PIL,1,B,Cyperaceae,Rhynchospora,macrochaeta,Rhynchospora macrochaeta,2,graminoid,1,
2018,PIL,1,B,Poaceae,Calamagrostis,sp2,Calamagrostis sp2,60,graminoid,1,
2018,PIL,1,B,Cyperaceae,Carex,tristicha,Carex tristicha,2,graminoid,1,
2018,PIL,1,B,Cyperaceae,Scirpus,sp,Scirpus sp,1,graminoid,1,
2018,PIL,1,BB,Poaceae,Agrostis,sp1,Agrostis sp1,2,graminoid,1,
2018,PIL,1,BB,Poaceae,Bromus,sp,Bromus sp,0.5,graminoid,0,
2018,PIL,1,BB,Poaceae,Bromus,spblue,Bromus spblue,6,graminoid,1,
2018,PIL,1,BB,Cyperaceae,Rhynchospora,sp,Rhynchospora sp,0.5,graminoid,0,
2018,PIL,1,BB,Cyperaceae,Carex,tristicha,Carex tristicha,6,graminoid,0,
2018,PIL,1,BB,Poaceae,Paspalum,bonplandianum,Paspalum bonplandianum,0.5,graminoid,1,
2018,PIL,1,BB,Cyperaceae,Rhynchospora,macrochaeta,Rhynchospora macrochaeta,9,graminoid,1,
2018,PIL,1,BB,Poaceae,Calamagrostis,sp2,Calamagrostis sp2,50,graminoid,1,
2018,PIL,1,BB,Poaceae,Agrostis,sp2,Agrostis sp2,6,graminoid,0,
2018,PIL,1,C,Poaceae,Agrostis,sp1,Agrostis sp1,1,graminoid,1,
2018,PIL,1,C,Poaceae,Bromus,sp,Bromus sp,0.5,graminoid,1,
2018,PIL,1,C,Cyperaceae,Carex,sp2,Carex sp2,0.5,graminoid,1,
2018,PIL,1,C,Juncaceae,Luzula,spracemosa,Luzula spracemosa,0.5,graminoid,1,
2018,PIL,1,C,Poaceae,Paspalum,bonplandianum,Paspalum bonplandianum,15,graminoid,1,
2018,PIL,1,C,Cyperaceae,Rhynchospora,macrochaeta,Rhynchospora macrochaeta,0.5,graminoid,1,
2018,PIL,1,C,Poaceae,Calamagrostis,sp2,Calamagrostis sp2,50,graminoid,1,
2018,PIL,1,C,Poaceae,Calamagrostis,splong,Calamagrostis splong,25,graminoid,1,
2018,PIL,2,B,Poaceae,Agrostis,sp2,Agrostis sp2,0.5,graminoid,1,
2018,PIL,2,B,Poaceae,Bromus,sp,Bromus sp,0.5,graminoid,1,
2018,PIL,2,B,Cyperaceae,Carex,sp,Carex sp,1,graminoid,1,
2018,PIL,2,B,Poaceae,Paspalum,bonplandianum,Paspalum bonplandianum,2,graminoid,1,
2018,PIL,2,B,Cyperaceae,Rhynchospora,macrochaeta,Rhynchospora macrochaeta,1,graminoid,1,
2018,PIL,2,B,Poaceae,Calamagrostis,sp2,Calamagrostis sp2,65,graminoid,1,
2018,PIL,2,BB,Poaceae,Agrostis,sp2,Agrostis sp2,2,graminoid,1,
2018,PIL,2,BB,Poaceae,Bromus,sp,Bromus sp,0.5,graminoid,1,
2018,PIL,2,BB,Cyperaceae,Carex,sp,Carex sp,0.5,graminoid,0,
2018,PIL,2,BB,Poaceae,Paspalum,bonplandianum,Paspalum bonplandianum,9,graminoid,1,
2018,PIL,2,BB,Cyperaceae,Rhynchospora,macrochaeta,Rhynchospora macrochaeta,0.5,graminoid,1,
2018,PIL,2,BB,Poaceae,Calamagrostis,sp2,Calamagrostis sp2,66,graminoid,1,
2018,PIL,2,BB,Cyperaceae,Scirpus,sp,Scirpus sp,2,graminoid,1,
2018,PIL,2,C,Poaceae,Agrostis,sp2,Agrostis sp2,1,graminoid,1,
2018,PIL,2,C,Poaceae,Bromus,sp,Bromus sp,0.5,graminoid,1,
2018,PIL,2,C,Poaceae,Paspalum,bonplandianum,Paspalum bonplandianum,1,graminoid,1,
2018,PIL,2,C,Cyperaceae,Rhynchospora,sp,Rhynchospora sp,0.5,graminoid,1,
2018,PIL,2,C,Poaceae,Calamagrostis,sp2,Calamagrostis sp2,60,graminoid,1,
2018,PIL,2,C,Cyperaceae,Carex,sp2,Carex sp2,0.5,graminoid,1,
2018,PIL,2,C,Poaceae,Bromus,lanatus,Bromus lanatus,0.5,graminoid,1,
2018,PIL,3,B,Poaceae,Agrostis,sp2,Agrostis sp2,1,graminoid,1,
2018,PIL,3,B,Cyperaceae,Carex,pichinchensis,Carex pichinchensis,2,graminoid,1,
2018,PIL,3,B,Poaceae,Paspalum,bonplandianum,Paspalum bonplandianum,6,graminoid,1,
2018,PIL,3,B,Cyperaceae,Rhynchospora,macrochaeta,Rhynchospora macrochaeta,12,graminoid,1,
2018,PIL,3,B,Poaceae,Calamagrostis,sp2,Calamagrostis sp2,60,graminoid,1,
2018,PIL,3,B,Poaceae,Bromus,sp,Bromus sp,0.5,graminoid,1,
2018,PIL,3,B,Cyperaceae,Carex,tristicha,Carex tristicha,0.5,graminoid,1,
2018,PIL,3,BB,Poaceae,Agrostis,sp2,Agrostis sp2,6,graminoid,1,
2018,PIL,3,BB,Cyperaceae,Rhynchospora,macrochaeta,Rhynchospora macrochaeta,6,graminoid,1,
2018,PIL,3,BB,Poaceae,Calamagrostis,sp2,Calamagrostis sp2,65,graminoid,1,
2018,PIL,3,BB,Cyperaceae,Carex,tristicha,Carex tristicha,0.5,graminoid,1,
2018,PIL,3,BB,Poaceae,Calamagrostis,splong,Calamagrostis splong,10,graminoid,1,
2018,PIL,3,BB,Poaceae,Bromus,sp,Bromus sp,10,graminoid,1,
2018,PIL,3,C,Poaceae,Agrostis,sp2,Agrostis sp2,1,graminoid,1,
2018,PIL,3,C,Poaceae,Bromus,sp,Bromus sp,3,graminoid,1,
2018,PIL,3,C,Cyperaceae,Carex,tristicha,Carex tristicha,0.5,graminoid,1,
2018,PIL,3,C,Poaceae,Paspalum,bonplandianum,Paspalum bonplandianum,6,graminoid,1,
2018,PIL,3,C,Cyperaceae,Rhynchospora,macrochaeta,Rhynchospora macrochaeta,0.5,graminoid,1,
2018,PIL,3,C,Poaceae,Calamagrostis,sp2,Calamagrostis sp2,63,graminoid,1,
2018,PIL,3,C,Cyperaceae,Carex,sp2,Carex sp2,6,graminoid,1,
2018,PIL,4,B,Poaceae,Bromus,sp,Bromus sp,1,graminoid,1,
2018,PIL,4,B,Cyperaceae,Rhynchospora,macrochaeta,Rhynchospora macrochaeta,16,graminoid,1,
2018,PIL,4,B,Poaceae,Calamagrostis,sp2,Calamagrostis sp2,55,graminoid,1,
2018,PIL,4,B,Cyperaceae,Carex,tristicha,Carex tristicha,2,graminoid,1,
2018,PIL,4,B,Cyperaceae,Carex,pichinchensis,Carex pichinchensis,2,graminoid,1,
2018,PIL,4,B,Juncaceae,Luzula,spracemosa,Luzula spracemosa,1,graminoid,1,
2018,PIL,4,C,Poaceae,Bromus,spblue,Bromus spblue,9,graminoid,1,
2018,PIL,4,C,Cyperaceae,Carex,tristicha,Carex tristicha,0.5,graminoid,1,
2018,PIL,4,C,Poaceae,Paspalum,bonplandianum,Paspalum bonplandianum,6,graminoid,1,
2018,PIL,4,C,Cyperaceae,Rhynchospora,macrochaeta,Rhynchospora macrochaeta,0.5,graminoid,1,
2018,PIL,4,C,Poaceae,Calamagrostis,sp2,Calamagrostis sp2,20,graminoid,1,
2018,PIL,4,C,Poaceae,Calamagrostis,splong,Calamagrostis splong,25,graminoid,1,
2018,PIL,4,C,Juncaceae,Luzula,spracemosa,Luzula spracemosa,0.5,graminoid,1,
2018,PIL,4,C,Poaceae,Bromus,lanatus,Bromus lanatus,0.5,graminoid,1,
2018,PIL,4,C,Cyperaceae,Carex,sp2,Carex sp2,0.5,graminoid,1,
2018,PIL,5,B,Poaceae,Agrostis,sp2,Agrostis sp2,4,graminoid,1,
2018,PIL,5,B,Cyperaceae,Rhynchospora,macrochaeta,Rhynchospora macrochaeta,6,graminoid,1,
2018,PIL,5,B,Poaceae,Calamagrostis,sp2,Calamagrostis sp2,55,graminoid,1,
2018,PIL,5,B,Poaceae,Bromus,spgreen,Bromus spgreen,12,graminoid,1,
2018,PIL,5,B,Cyperaceae,Carex,tristicha,Carex tristicha,3,graminoid,1,
2018,PIL,5,B,Cyperaceae,Carex,pichinchensis,Carex pichinchensis,5,graminoid,1,
2018,PIL,5,C,Poaceae,Agrostis,sp2,Agrostis sp2,3,graminoid,1,
2018,PIL,5,C,Poaceae,Bromus,spgreen,Bromus spgreen,2,graminoid,1,
2018,PIL,5,C,Cyperaceae,Carex,tristicha,Carex tristicha,0.5,graminoid,1,
2018,PIL,5,C,Juncaceae,Luzula,spracemosa,Luzula spracemosa,0.5,graminoid,1,
2018,PIL,5,C,Poaceae,Paspalum,bonplandianum,Paspalum bonplandianum,2,graminoid,1,
2018,PIL,5,C,Cyperaceae,Rhynchospora,macrochaeta,Rhynchospora macrochaeta,3,graminoid,1,
2018,PIL,5,C,Poaceae,Calamagrostis,sp2,Calamagrostis sp2,25,graminoid,1,
2018,PIL,5,C,Poaceae,Calamagrostis,splong,Calamagrostis splong,50,graminoid,1,
2018,PIL,5,C,Cyperaceae,Carex,sp2,Carex sp2,2,graminoid,1,
2018,QUE,1,B,Poaceae,Agrostis,spnorwegian,Agrostis spnorwegian,1,graminoid,1,
2018,QUE,1,B,Cyperaceae,Carex,boliviensis,Carex boliviensis,0.5,graminoid,1,
2018,QUE,1,B,Cyperaceae,Carex,pichinchensis,Carex pichinchensis,2,graminoid,1,
2018,QUE,1,B,Poaceae,Paspalum,bonplandianum,Paspalum bonplandianum,8,graminoid,1,
2018,QUE,1,B,Poaceae,Bromus,lanatus,Bromus lanatus,0.5,graminoid,NA,
2018,QUE,1,B,Juncaceae,Luzula,spbroad,Luzula spbroad,0.5,graminoid,NA,
2018,QUE,1,B,Poaceae,Phippsia,algida,Phippsia algida,8,graminoid,NA,
2018,QUE,1,B,Poaceae,Agrostis,sp2,Agrostis sp2,2,graminoid,NA,
2018,QUE,1,B,Poaceae,Agrostis,sp1,Agrostis sp1,1,graminoid,NA,
2018,QUE,1,B,Poaceae,Poa,alpina,Poa alpina,1,graminoid,NA,
2018,QUE,1,B,Poaceae,Calamagrostis,spq,Calamagrostis spq,40,graminoid,1,
2018,QUE,2,B,Poaceae,Agrostis,sp1,Agrostis sp1,4,graminoid,1,
2018,QUE,2,B,Cyperaceae,Carex,pichinchensis,Carex pichinchensis,3,graminoid,0,
2018,QUE,2,B,Poaceae,Bromus,lanatus,Bromus lanatus,1,graminoid,0,
2018,QUE,2,B,Juncaceae,Luzula,spracemosa,Luzula spracemosa,0.5,graminoid,1,
2018,QUE,2,B,Poaceae,Phippsia,algida,Phippsia algida,5,graminoid,0,
2018,QUE,2,B,Poaceae,Poa,sp,Poa sp,0.5,graminoid,0,
2018,QUE,2,B,Poaceae,Poa,alpina,Poa alpina,5,graminoid,NA,
2018,QUE,2,B,Cyperaceae,Carex,boliviensis,Carex boliviensis,0.5,graminoid,NA,
2018,QUE,2,B,Poaceae,Bromus,spgreen,Bromus spgreen,5,graminoid,NA,
2018,QUE,2,B,Poaceae,Calamagrostis,spq,Calamagrostis spq,25,graminoid,NA,
2018,QUE,2,B,Poaceae,Calamagrostis,sp2,Calamagrostis sp2,20,graminoid,NA,
2018,QUE,3,B,Poaceae,Bromus,lanatus,Bromus lanatus,1,graminoid,1,
2018,QUE,3,B,Cyperaceae,Carex,pichinchensis,Carex pichinchensis,7,graminoid,1,
2018,QUE,3,B,Cyperaceae,Rhynchospora,macrochaeta,Rhynchospora macrochaeta,2,graminoid,1,
2018,QUE,3,B,Poaceae,Calamagrostis,sp2,Calamagrostis sp2,27,graminoid,1,
2018,QUE,3,B,Poaceae,Agrostis,spnorwegian,Agrostis spnorwegian,1,graminoid,NA,
2018,QUE,3,B,Juncaceae,Luzula,spracemosa,Luzula spracemosa,0.5,graminoid,NA,
2018,QUE,3,B,Cyperaceae,Carex,boliviensis,Carex boliviensis,1,graminoid,NA,
2018,QUE,3,B,Poaceae,Calamagrostis,spq,Calamagrostis spq,10,graminoid,NA,
2018,QUE,3,B,Poaceae,Agrostis,sp1,Agrostis sp1,1,graminoid,NA,
2018,QUE,3,B,Poaceae,Poa,alpina,Poa alpina,1,graminoid,NA,
2018,QUE,3,B,Poaceae,Phippsia,algida,Phippsia algida,1,graminoid,NA,
2018,QUE,3,B,Cyperaceae,Carex,tristicha,Carex tristicha,4,graminoid,NA,
2018,QUE,4,B,Poaceae,Agrostis,spnorwegian,Agrostis spnorwegian,4,graminoid,1,
2018,QUE,4,B,Cyperaceae,Carex,pichinchensis,Carex pichinchensis,3,graminoid,0,
2018,QUE,4,B,Poaceae,Bromus,lanatus,Bromus lanatus,2,graminoid,0,
2018,QUE,4,B,Juncaceae,Luzula,spracemosa,Luzula spracemosa,2,graminoid,1,
2018,QUE,4,B,Poaceae,Phippsia,algida,Phippsia algida,3,graminoid,0,
2018,QUE,4,B,Cyperaceae,Rhynchospora,macrochaeta,Rhynchospora macrochaeta,1,graminoid,1,
2018,QUE,4,B,Poaceae,Calamagrostis,sp2,Calamagrostis sp2,25,graminoid,1,
2018,QUE,4,B,Cyperaceae,Carex,tristicha,Carex tristicha,0.5,graminoid,NA,
2018,QUE,4,B,Cyperaceae,Carex,boliviensis,Carex boliviensis,0.5,graminoid,NA,
2018,QUE,4,B,Juncaceae,Luzula,spbroad,Luzula spbroad,2,graminoid,NA,
2018,QUE,4,B,Poaceae,Agrostis,sp2,Agrostis sp2,3,graminoid,NA,
2018,QUE,4,B,Poaceae,Calamagrostis,spq,Calamagrostis spq,10,graminoid,NA,
2018,QUE,4,B,Poaceae,Poa,pratensis,Poa pratensis,0.5,graminoid,NA,
2018,QUE,4,B,Poaceae,Bromus,lanatus_stiff,Bromus lanatus_stiff,0.5,graminoid,NA,
2018,QUE,5,B,Cyperaceae,Carex,tristicha,Carex tristicha,0.5,graminoid,1,
2018,QUE,5,B,Poaceae,Bromus,lanatus,Bromus lanatus,1,graminoid,0,
2018,QUE,5,B,Cyperaceae,Rhynchospora,macrochaeta,Rhynchospora macrochaeta,15,graminoid,1,
2018,QUE,5,B,Poaceae,Calamagrostis,sp2,Calamagrostis sp2,50,graminoid,1,
2018,QUE,5,B,Cyperaceae,Carex,pichinchensis,Carex pichinchensis,0.5,graminoid,NA,
2018,QUE,5,B,Poaceae,Agrostis,spnorwegian,Agrostis spnorwegian,1,graminoid,NA,
2018,QUE,5,B,Juncaceae,Luzula,spracemosa,Luzula spracemosa,0.5,graminoid,NA,
2018,QUE,5,B,Poaceae,Agrostis,sp2,Agrostis sp2,7,graminoid,NA,
2018,TRE,1,C,Poaceae,Agrostis,sp2,Agrostis sp2,5,graminoid,1,
2018,TRE,1,C,Poaceae,Bromus,spgreen,Bromus spgreen,2,graminoid,NA,
2018,TRE,1,C,Poaceae,Bromus,lanatus,Bromus lanatus,0.5,graminoid,1,
2018,TRE,1,C,Cyperaceae,Carex,pichinchensis,Carex pichinchensis,6,graminoid,1,
2018,TRE,1,C,Poaceae,Paspalum,bonplandianum,Paspalum bonplandianum,0.5,graminoid,1,
2018,TRE,1,C,Cyperaceae,Rhynchospora,macrochaeta,Rhynchospora macrochaeta,2,graminoid,1,
2018,TRE,1,C,Poaceae,Calamagrostis,sp3,Calamagrostis sp3,50,graminoid,1,
2018,TRE,1,C,Poaceae,Calamagrostis,sp2,Calamagrostis sp2,5,graminoid,1,
2018,TRE,2,C,Cyperaceae,Carex,pichinchensis,Carex pichinchensis,0.5,graminoid,1,
2018,TRE,2,C,Cyperaceae,Carex,sp2,Carex sp2,5,graminoid,0,
2018,TRE,2,C,Juncaceae,Luzula,spracemosa,Luzula spracemosa,0.5,graminoid,0,
2018,TRE,2,C,Cyperaceae,Rhynchospora,macrochaeta,Rhynchospora macrochaeta,5,graminoid,1,
2018,TRE,2,C,Juncaceae,Juncus,sp,Juncus sp,1,graminoid,NA,
2018,TRE,2,C,Poaceae,Bromus,spblue,Bromus spblue,5,graminoid,NA,
2018,TRE,2,C,Poaceae,Bromus,lanatus,Bromus lanatus,1,graminoid,NA,
2018,TRE,2,C,Poaceae,Calamagrostis,sp2,Calamagrostis sp2,60,graminoid,1,
2018,TRE,3,C,Poaceae,Bromus,spblue,Bromus spblue,0.5,graminoid,NA,
2018,TRE,3,C,Cyperaceae,Carex,pichinchensis,Carex pichinchensis,5,graminoid,1,
2018,TRE,3,C,Juncaceae,Juncus,sp,Juncus sp,3,graminoid,1,
2018,TRE,3,C,Poaceae,Paspalum,bonplandianum,Paspalum bonplandianum,2,graminoid,1,
2018,TRE,3,C,Cyperaceae,Rhynchospora,macrochaeta,Rhynchospora macrochaeta,0.5,graminoid,1,
2018,TRE,3,C,Poaceae,Calamagrostis,sp2,Calamagrostis sp2,25,graminoid,1,
2018,TRE,3,C,Poaceae,Bromus,lanatus,Bromus lanatus,2,graminoid,NA,
2018,TRE,3,C,Poaceae,Calamagrostis,spshort,Calamagrostis spshort,30,graminoid,NA,
2018,TRE,3,C,Cyperaceae,Carex,tristicha,Carex tristicha,8,graminoid,NA,
2018,TRE,4,C,Cyperaceae,Carex,pichinchensis,Carex pichinchensis,3,graminoid,1,
2018,TRE,4,C,Cyperaceae,Rhynchospora,macrochaeta,Rhynchospora macrochaeta,3,graminoid,1,
2018,TRE,4,C,Poaceae,Calamagrostis,sp2,Calamagrostis sp2,50,graminoid,1,
2018,TRE,4,C,Cyperaceae,Carex,tristicha,Carex tristicha,8,graminoid,NA,
2018,TRE,4,C,Poaceae,Bromus,spblue,Bromus spblue,0.5,graminoid,NA,
2018,TRE,5,C,Poaceae,Bromus,spblue,Bromus spblue,15,graminoid,1,
2018,TRE,5,C,Juncaceae,Juncus,sp1,Juncus sp1,1,graminoid,1,
2018,TRE,5,C,Juncaceae,Luzula,spracemosa,Luzula spracemosa,2,graminoid,1,
2018,TRE,5,C,Poaceae,Paspalum,bonplandianum,Paspalum bonplandianum,4,graminoid,1,
2018,TRE,5,C,Cyperaceae,Rhynchospora,macrochaeta,Rhynchospora macrochaeta,2,graminoid,1,
2018,TRE,5,C,Poaceae,Bromus,lanatus,Bromus lanatus,1,graminoid,NA,
2018,TRE,5,C,Poaceae,Calamagrostis,sp2,Calamagrostis sp2,33,graminoid,1,
2018,WAY,1,B,Poaceae,Bromus,spblue,Bromus spblue,10,graminoid,1,
2018,WAY,1,B,Poaceae,Calamagrostis,sp3,Calamagrostis sp3,1,graminoid,1,
2018,WAY,1,B,Cyperaceae,Rhynchospora,macrochaeta,Rhynchospora macrochaeta,0.5,graminoid,0,
2018,WAY,1,B,Poaceae,Calamagrostis,sp2,Calamagrostis sp2,43,graminoid,1,
2018,WAY,1,B,Poaceae,Calamagrostis,sp5,Calamagrostis sp5,3,graminoid,NA,
2018,WAY,1,C,Poaceae,Agrostis,sp2,Agrostis sp2,5,graminoid,1,
2018,WAY,1,C,Poaceae,Bromus,spblue,Bromus spblue,15,graminoid,1,
2018,WAY,1,C,Cyperaceae,Carex,boliviensis,Carex boliviensis,2,graminoid,1,
2018,WAY,1,C,Poaceae,Calamagrostis,sp3,Calamagrostis sp3,5,graminoid,1,
2018,WAY,1,C,Poaceae,Calamagrostis,sp4,Calamagrostis sp4,20,graminoid,NA,
2018,WAY,2,B,Poaceae,Bromus,spblue,Bromus spblue,10,graminoid,1,
2018,WAY,2,B,Cyperaceae,Carex,sp1,Carex sp1,4,graminoid,1,
2018,WAY,2,B,Poaceae,Calamagrostis,sp2,Calamagrostis sp2,75,graminoid,1,
2018,WAY,2,C,Poaceae,Agrostis,sp2,Agrostis sp2,1,graminoid,1,
2018,WAY,2,C,Poaceae,Bromus,spblue,Bromus spblue,4,graminoid,1,
2018,WAY,2,C,Cyperaceae,Carex,boliviensis,Carex boliviensis,1,graminoid,NA,
2018,WAY,2,C,Poaceae,Calamagrostis,sp2long,Calamagrostis sp2long,6,graminoid,1,
2018,WAY,2,C,Poaceae,Calamagrostis,sp3,Calamagrostis sp3,59,graminoid,NA,
2018,WAY,2,C,Poaceae,Calamagrostis,sp4,Calamagrostis sp4,4,graminoid,NA,
2018,WAY,3,B,Cyperaceae,Carex,splong,Carex splong,2,graminoid,1,
2018,WAY,3,B,Poaceae,Bromus,spblue,Bromus spblue,15,graminoid,0,
2018,WAY,3,B,Cyperaceae,Rhynchospora,aristata,Rhynchospora aristata,7,graminoid,1,
2018,WAY,3,B,Poaceae,Calamagrostis,sp2,Calamagrostis sp2,2,graminoid,NA,
2018,WAY,3,B,Poaceae,Calamagrostis,sp5,Calamagrostis sp5,3,graminoid,NA,
2018,WAY,3,B,Poaceae,Calamagrostis,sp3,Calamagrostis sp3,3,graminoid,NA,
2018,WAY,3,C,Poaceae,Agrostis,sp2,Agrostis sp2,30,graminoid,1,
2018,WAY,3,C,Poaceae,Bromus,spblue,Bromus spblue,20,graminoid,1,
2018,WAY,3,C,Cyperaceae,Carex,boliviensis,Carex boliviensis,2,graminoid,1,
2018,WAY,3,C,Poaceae,Calamagrostis,sp3,Calamagrostis sp3,50,graminoid,1,
2018,WAY,4,B,Poaceae,Agrostis,sp2,Agrostis sp2,1,graminoid,1,
2018,WAY,4,B,Poaceae,Bromus,spblue,Bromus spblue,5,graminoid,1,
2018,WAY,4,B,Cyperaceae,Carex,sp1,Carex sp1,0.5,graminoid,1,
2018,WAY,4,B,Cyperaceae,Rhynchospora,aristata,Rhynchospora aristata,1,graminoid,1,
2018,WAY,4,B,Cyperaceae,Carex,splong,Carex splong,2,graminoid,NA,
2018,WAY,4,B,Poaceae,Calamagrostis,sp2long,Calamagrostis sp2long,40,graminoid,1,
2018,WAY,4,C,Poaceae,Agrostis,sp2,Agrostis sp2,25,graminoid,1,
2018,WAY,4,C,Cyperaceae,Carex,boliviensis,Carex boliviensis,2,graminoid,1,
2018,WAY,4,C,Cyperaceae,Carex,sp1,Carex sp1,0.5,graminoid,1,
2018,WAY,4,C,Cyperaceae,Rhynchospora,aristata,Rhynchospora aristata,1,graminoid,1,
2018,WAY,4,C,Poaceae,Bromus,spblue,Bromus spblue,1,graminoid,NA,
2018,WAY,4,C,Poaceae,Calamagrostis,sp4,Calamagrostis sp4,3,graminoid,NA,
2018,WAY,4,C,Poaceae,Calamagrostis,splong,Calamagrostis splong,45,graminoid,1,
2018,WAY,5,B,Poaceae,Agrostis,sp2,Agrostis sp2,3,graminoid,1,
2018,WAY,5,B,Poaceae,Bromus,spblue,Bromus spblue,1,graminoid,1,
2018,WAY,5,B,Cyperaceae,Rhynchospora,aristata,Rhynchospora aristata,0.5,graminoid,1,
2018,WAY,5,B,Cyperaceae,Carex,boliviensis,Carex boliviensis,0.5,graminoid,NA,
2018,WAY,5,B,Poaceae,Calamagrostis,sp2long,Calamagrostis sp2long,4,graminoid,NA,
2018,WAY,5,B,Poaceae,Calamagrostis,sp3,Calamagrostis sp3,52,graminoid,1,
2018,WAY,5,C,Poaceae,Agrostis,sp2,Agrostis sp2,5,graminoid,1,
2018,WAY,5,C,Poaceae,Bromus,spblue,Bromus spblue,37,graminoid,1,
2018,WAY,5,C,Cyperaceae,Carex,boliviensis,Carex boliviensis,1,graminoid,0,
2018,WAY,5,C,Poaceae,Calamagrostis,sp3,Calamagrostis sp3,25,graminoid,1,
2018,WAY,5,C,Poaceae,Calamagrostis,sp4,Calamagrostis sp4,15,graminoid,NA,
2018,WAY,5,C,Poaceae,Calamagrostis,sp5,Calamagrostis sp5,0.5,graminoid,NA,
2018,TRE,3,C,Rosaceae,Acaena,cylindristachya,Acaena cylindristachya,0.5,forb,NA,
2018,PIL,1,B,Rosaceae,Alchemilla,erodiifolia,Alchemilla erodiifolia,0.5,forb,NA,
2018,TRE,1,C,Rosaceae,Alchemilla,erodiifolia,Alchemilla erodiifolia,0.5,forb,NA,
2018,TRE,3,C,Rosaceae,Alchemilla,erodiifolia,Alchemilla erodiifolia,1,forb,NA,
2018,TRE,2,C,Rosaceae,Alchemilla,erodiifolia,Alchemilla erodiifolia,1,forb,NA,
2018,PIL,5,B,Rosaceae,Alchemilla,erodiifolia,Alchemilla erodiifolia,0.5,forb,NA,
2018,WAY,1,C,Rosaceae,Alchemilla,orbiculata,Alchemilla orbiculata,7,forb,NA,
2018,WAY,3,B,Rosaceae,Alchemilla,orbiculata,Alchemilla orbiculata,0.5,forb,NA,
2018,ACJ,3,B,Rosaceae,Alchemilla,sp,Alchemilla sp,0.5,forb,NA,
2018,ACJ,5,B,Rosaceae,Alchemilla,sp,Alchemilla sp,0.5,forb,NA,
2018,PIL,5,C,Rosaceae,Alchemilla,sp,Alchemilla sp,0.5,forb,NA,
2018,ACJ,2,B,Rosaceae,Alchemilla,vulcanica,Alchemilla vulcanica,0.5,forb,NA,
2018,ACJ,4,C,Rosaceae,Alchemilla,vulcanica,Alchemilla vulcanica,3,forb,NA,
2018,PIL,3,BB,Rosaceae,Alchemilla,vulcanica,Alchemilla vulcanica,0.5,forb,NA,
2018,PIL,4,B,Rosaceae,Alchemilla,vulcanica,Alchemilla vulcanica,0.5,forb,NA,
2018,QUE,4,B,Rosaceae,Alchemilla,vulcanica,Alchemilla vulcanica,0.5,forb,NA,
2018,QUE,5,B,Rosaceae,Alchemilla,vulcanica,Alchemilla vulcanica,1,forb,NA,
2018,QUE,1,B,Apiaceae,Niphogeton,dissecta,Niphogeton dissecta,0.5,forb,NA,
2018,PIL,2,C,Asteraceae,Asteraceae,sp,Asteraceae sp,0.5,forb,NA,
2018,PIL,4,C,Asteraceae,Asteraceae,sp,Asteraceae sp,0.5,forb,NA,
2018,QUE,1,B,Asteraceae,Asteraceae,sp,Asteraceae sp,0.5,forb,NA,
2018,QUE,5,B,Asteraceae,Asteraceae,sp1,Asteraceae sp1,0.5,forb,NA,
2018,PIL,4,C,Apiaceae,Azorella,biloba,Azorella biloba,0.5,forb,NA,
2018,PIL,5,B,Apiaceae,Azorella,biloba,Azorella biloba,0.5,forb,NA,
2018,QUE,1,B,Asteraceae,Baccharis,caespitosa,Baccharis caespitosa,0.5,forb,NA,
2018,QUE,2,B,Asteraceae,Baccharis,caespitosa,Baccharis caespitosa,1,forb,NA,
2018,QUE,3,B,Asteraceae,Baccharis,caespitosa,Baccharis caespitosa,0.5,forb,NA,
2018,QUE,4,B,Asteraceae,Baccharis,caespitosa,Baccharis caespitosa,1,forb,NA,
2018,QUE,5,B,Asteraceae,Baccharis,caespitosa,Baccharis caespitosa,1,forb,NA,
2018,WAY,2,C,Asteraceae,Baccharis,genistelloides,Baccharis genistelloides,4,forb,NA,
2018,WAY,4,C,Asteraceae,Baccharis,genistelloides,Baccharis genistelloides,0.5,forb,NA,
2018,ACJ,4,B,Asteraceae,Baccharis,genistelloides,Baccharis genistelloides,0.5,forb,NA,
2018,ACJ,3,B,Asteraceae,Baccharis,genistelloides,Baccharis genistelloides,0.5,forb,NA,
2018,WAY,5,C,Asteraceae,Baccharis,genistelloides,Baccharis genistelloides,0.5,forb,NA,
2018,WAY,3,C,Asteraceae,Baccharis,genistelloides,Baccharis genistelloides,3,forb,NA,
2018,WAY,1,C,Asteraceae,Baccharis,genistelloides,Baccharis genistelloides,4,forb,NA,
2018,ACJ,1,C,Asteraceae,Baccharis,genistelloides,Baccharis genistelloides,0.5,forb,NA,
2018,ACJ,3,C,Asteraceae,Baccharis,genistelloides,Baccharis genistelloides,0.5,forb,NA,
2018,ACJ,5,C,Asteraceae,Baccharis,genistelloides,Baccharis genistelloides,0.5,forb,NA,
2018,TRE,5,C,Asteraceae,Baccharis,genistelloides,Baccharis genistelloides,0.5,forb,NA,
2018,TRE,4,C,Asteraceae,Baccharis,genistelloides,Baccharis genistelloides,0.5,forb,NA,
2018,PIL,1,C,Asteraceae,Baccharis,genistelloides,Baccharis genistelloides,0.5,forb,NA,
2018,PIL,2,C,Asteraceae,Baccharis,genistelloides,Baccharis genistelloides,0.5,forb,NA,
2018,PIL,3,C,Asteraceae,Baccharis,genistelloides,Baccharis genistelloides,0.5,forb,NA,
2018,WAY,1,B,Asteraceae,Baccharis,sp,Baccharis sp,0.5,forb,NA,
2018,PIL,3,C,Asteraceae,Baccharis,sp,Baccharis sp,1,forb,NA,
2018,ACJ,1,B,Asteraceae,Baccharis,sp,Baccharis sp,0.5,forb,NA,
2018,PIL,3,BB,Asteraceae,Baccharis,tricuneata,Baccharis tricuneata,0.5,forb,NA,
2018,QUE,3,B,Orobanchaceae,Bartsia,elongata,Bartsia elongata,4,forb,NA,
2018,QUE,4,B,Orobanchaceae,Bartsia,elongata,Bartsia elongata,2,forb,NA,
2018,QUE,5,B,Orobanchaceae,Bartsia,elongata,Bartsia elongata,2,forb,NA,
2018,QUE,2,B,Caprifoliaceae,Belonanthus,hispidus,Belonanthus hispidus,0.5,forb,NA,
2018,QUE,3,B,Caprifoliaceae,Belonanthus,hispidus,Belonanthus hispidus,0.5,forb,NA,
2018,QUE,4,B,Caprifoliaceae,Belonanthus,hispidus,Belonanthus hispidus,0.5,forb,NA,
2018,QUE,5,B,Caprifoliaceae,Belonanthus,hispidus,Belonanthus hispidus,0.5,forb,NA,
2018,TRE,3,C,Asteraceae,Bidens,andicola,Bidens andicola,0.5,forb,NA,
2018,PIL,4,C,Asteraceae,Bidens,andicola,Bidens andicola,0.5,forb,NA,
2018,WAY,5,B,Alstroemeriaceae,Bomarea,dulcis,Bomarea dulcis,0.5,forb,NA,
2018,ACJ,4,B,Melastomataceae,Brachyotum,sp,Brachyotum sp,2,forb,NA,
2018,WAY,5,C,Melastomataceae,Brachyotum,sp,Brachyotum sp,4,forb,NA,
2018,PIL,1,BB,NA,Branchy,moss,Branchy moss,0.5,forb,NA,
2018,WAY,1,B,NA,Brocholum,sp,Brocholum sp,0.5,forb,NA,
2018,QUE,1,B,Caryophyllaceae,Cerastium,Cerastium arvensiforme,Cerastium arvensiforme,0.5,forb,NA,
2018,QUE,5,B,Caryophyllaceae,Cerastium,Cerastium arvensiforme,Cerastium arvensiforme,1,forb,NA,
2018,ACJ,3,B,Asteraceae,Chaptalia,cordata,Chaptalia cordata,0.5,forb,NA,
2018,ACJ,1,C,Asteraceae,Chaptalia,cordata,Chaptalia cordata,0.5,forb,NA,
2018,ACJ,2,B,Asteraceae,Chaptalia,cordata,Chaptalia cordata,0.5,forb,NA,
2018,ACJ,4,C,Asteraceae,Chaptalia,cordata,Chaptalia cordata,0.5,forb,NA,
2018,ACJ,2,C,Asteraceae,Chaptalia,cordata,Chaptalia cordata,0.5,forb,NA,
2018,ACJ,3,C,Asteraceae,Chaptalia,cordata,Chaptalia cordata,2,forb,NA,
2018,ACJ,5,C,Asteraceae,Chaptalia,cordata,Chaptalia cordata,1,forb,NA,
2018,QUE,1,B,Asteraceae,Chaptalia,cordata,Chaptalia cordata,0.5,forb,NA,
2018,PIL,4,C,Dryopteridaceae,Elaphoglossum,huacsaro,Elaphoglossum huacsaro,1,forb,NA,
2018,PIL,1,C,Dryopteridaceae,Elaphoglossum,sp1,Elaphoglossum sp1,0.5,forb,NA,
2018,ACJ,4,C,Dryopteridaceae,Elaphoglossum,huacsaro,Elaphoglossum huacsaro,1,forb,NA,
2018,ACJ,2,C,Dryopteridaceae,Elaphoglossum,sp1,Elaphoglossum sp1,0.5,forb,NA,
2018,ACJ,3,C,Dryopteridaceae,Elaphoglossum,huacsaro,Elaphoglossum huacsaro,0.5,forb,NA,
2018,ACJ,1,C,Dryopteridaceae,Elaphoglossum,huacsaro,Elaphoglossum huacsaro,1,forb,NA,
2018,ACJ,5,B,Dryopteridaceae,Elaphoglossum,huacsaro,Elaphoglossum huacsaro,1,forb,NA,
2018,ACJ,5,C,Dryopteridaceae,Elaphoglossum,amphioxys,Elaphoglossum huacsaro,1,forb,NA,
2018,ACJ,3,C,Dryopteridaceae,Elaphoglossum,amphioxys,Elaphoglossum amphioxys,0.5,forb,NA,
2018,PIL,2,C,Dryopteridaceae,Elaphoglossum,sp1,Elaphoglossum sp1,1,forb,NA,
2018,PIL,4,C,Dryopteridaceae,Elaphoglossum,sp1,Elaphoglossum sp1,1,forb,NA,
2018,PIL,5,C,Dryopteridaceae,Elaphoglossum,huacsaro,Elaphoglossum huacsaro,0.5,forb,NA,
2018,WAY,1,B,Pteridaceae,Eriosorus,cheilanthoides,Eriosorus cheilanthoides,0.5,forb,NA,
2018,WAY,2,C,Pteridaceae,Eriosorus,cheilanthoides,Eriosorus cheilanthoides,0.5,forb,NA,
2018,ACJ,1,B,Pteridaceae,Eriosorus,cheilanthoides,Eriosorus cheilanthoides,0.5,forb,NA,
2018,WAY,3,C,Pteridaceae,Eriosorus,cheilanthoides,Eriosorus cheilanthoides,0.5,forb,NA,
2018,ACJ,2,B,Pteridaceae,Eriosorus,cheilanthoides,Eriosorus cheilanthoides,1,forb,NA,
2018,ACJ,2,C,Pteridaceae,Eriosorus,cheilanthoides,Eriosorus cheilanthoides,0.5,forb,NA,
2018,ACJ,3,C,Pteridaceae,Eriosorus,cheilanthoides,Eriosorus cheilanthoides,2,forb,NA,
2018,ACJ,5,C,Pteridaceae,Eriosorus,cheilanthoides,Eriosorus cheilanthoides,0.5,forb,NA,
2018,PIL,2,BB,Pteridaceae,Eriosorus,cheilanthoides,Eriosorus cheilanthoides,0.5,forb,NA,
2018,PIL,3,B,Pteridaceae,Eriosorus,cheilanthoides,Eriosorus cheilanthoides,0.5,forb,NA,
2018,PIL,3,BB,Pteridaceae,Eriosorus,cheilanthoides,Eriosorus cheilanthoides,0.5,forb,NA,
2018,PIL,4,B,Pteridaceae,Eriosorus,cheilanthoides,Eriosorus cheilanthoides,2,forb,NA,
2018,PIL,4,C,Pteridaceae,Eriosorus,cheilanthoides,Eriosorus cheilanthoides,1,forb,NA,
2018,ACJ,5,C,Euphorbiaceae,Euphorbia,thymifolia,Euphorbia thymifolia,0.5,forb,NA,
2018,PIL,1,B,Rubiaceae,Galium,hypocarpium,Galium hypocarpium,0.5,forb,NA,
2018,PIL,1,BB,Rubiaceae,Galium,hypocarpium,Galium hypocarpium,0.5,forb,NA,
2018,PIL,1,C,Rubiaceae,Galium,hypocarpium,Galium hypocarpium,0.5,forb,NA,
2018,PIL,2,B,Rubiaceae,Galium,hypocarpium,Galium hypocarpium,0.5,forb,NA,
2018,WAY,1,B,Rubiaceae,Galium,hypocarpium,Galium hypocarpium,0.5,forb,NA,
2018,ACJ,4,B,Rubiaceae,Galium,hypocarpium,Galium hypocarpium,0.5,forb,NA,
2018,ACJ,1,B,Rubiaceae,Galium,hypocarpium,Galium hypocarpium,0.5,forb,NA,
2018,ACJ,5,B,Rubiaceae,Galium,hypocarpium,Galium hypocarpium,0.5,forb,NA,
2018,ACJ,3,C,Rubiaceae,Galium,hypocarpium,Galium hypocarpium,0.5,forb,NA,
2018,QUE,1,B,Rubiaceae,Galium,hypocarpium,Galium hypocarpium,0.5,forb,NA,
2018,PIL,2,C,Rubiaceae,Galium,hypocarpium,Galium hypocarpium,0.5,forb,NA,
2018,PIL,3,B,Rubiaceae,Galium,hypocarpium,Galium hypocarpium,0.5,forb,NA,
2018,PIL,4,B,Rubiaceae,Galium,hypocarpium,Galium hypocarpium,0.5,forb,NA,
2018,PIL,4,C,Rubiaceae,Galium,hypocarpium,Galium hypocarpium,0.5,forb,NA,
2018,PIL,5,C,Asteraceae,Gamochaeta,americana,Gamochaeta americana,0.5,forb,NA,
2018,QUE,2,B,Asteraceae,Gamochaeta,americana,Gamochaeta americana,0.5,forb,NA,
2018,QUE,3,B,Asteraceae,Gamochaeta,americana,Gamochaeta americana,0.5,forb,NA,
2018,PIL,1,B,Ericaceae,Gaultheria,glomerata,Gaultheria glomerata,1,forb,NA,
2018,PIL,1,BB,Ericaceae,Gaultheria,glomerata,Gaultheria glomerata,1,forb,NA,
2018,PIL,1,C,Ericaceae,Gaultheria,glomerata,Gaultheria glomerata,0.5,forb,NA,
2018,PIL,2,B,Ericaceae,Gaultheria,glomerata,Gaultheria glomerata,1,forb,NA,
2018,PIL,2,BB,Ericaceae,Gaultheria,glomerata,Gaultheria glomerata,1,forb,NA,
2018,TRE,1,C,Ericaceae,Gaultheria,glomerata,Gaultheria glomerata,0.5,forb,NA,
2018,TRE,4,C,Ericaceae,Gaultheria,glomerata,Gaultheria glomerata,4,forb,NA,
2018,ACJ,4,B,Ericaceae,Gaultheria,glomerata,Gaultheria glomerata,0.5,forb,NA,
2018,ACJ,1,B,Ericaceae,Gaultheria,glomerata,Gaultheria glomerata,1,forb,NA,
2018,ACJ,3,B,Ericaceae,Gaultheria,glomerata,Gaultheria glomerata,1,forb,NA,
2018,ACJ,5,B,Ericaceae,Gaultheria,glomerata,Gaultheria glomerata,12,forb,NA,
2018,WAY,5,C,Ericaceae,Gaultheria,glomerata,Gaultheria glomerata,0.5,forb,NA,
2018,WAY,3,C,Ericaceae,Gaultheria,glomerata,Gaultheria glomerata,1,forb,NA,
2018,WAY,3,B,Ericaceae,Gaultheria,glomerata,Gaultheria glomerata,0.5,forb,NA,
2018,ACJ,1,C,Ericaceae,Gaultheria,glomerata,Gaultheria glomerata,3,forb,NA,
2018,ACJ,2,B,Ericaceae,Gaultheria,glomerata,Gaultheria glomerata,0.5,forb,NA,
2018,ACJ,4,C,Ericaceae,Gaultheria,glomerata,Gaultheria glomerata,2,forb,NA,
2018,ACJ,2,C,Ericaceae,Gaultheria,glomerata,Gaultheria glomerata,2,forb,NA,
2018,QUE,2,B,Ericaceae,Gaultheria,glomerata,Gaultheria glomerata,0.5,forb,NA,
2018,ACJ,3,C,Ericaceae,Gaultheria,glomerata,Gaultheria glomerata,2,forb,NA,
2018,ACJ,5,C,Ericaceae,Gaultheria,glomerata,Gaultheria glomerata,1,forb,NA,
2018,TRE,5,C,Ericaceae,Gaultheria,glomerata,Gaultheria glomerata,10,forb,NA,
2018,QUE,5,B,Ericaceae,Gaultheria,glomerata,Gaultheria glomerata,1,forb,NA,
2018,PIL,2,C,Ericaceae,Gaultheria,glomerata,Gaultheria glomerata,0.5,forb,NA,
2018,PIL,3,B,Ericaceae,Gaultheria,glomerata,Gaultheria glomerata,0.5,forb,NA,
2018,PIL,3,C,Ericaceae,Gaultheria,glomerata,Gaultheria glomerata,2,forb,NA,
2018,PIL,4,B,Ericaceae,Gaultheria,glomerata,Gaultheria glomerata,1,forb,NA,
2018,PIL,4,C,Ericaceae,Gaultheria,glomerata,Gaultheria glomerata,2,forb,NA,
2018,PIL,5,B,Ericaceae,Gaultheria,glomerata,Gaultheria glomerata,0.5,forb,NA,
2018,PIL,5,C,Ericaceae,Gaultheria,glomerata,Gaultheria glomerata,0.5,forb,NA,
2018,WAY,1,B,Ericaceae,Gaultheria,vaccinioides,Gaultheria vaccinioides,3,forb,NA,
2018,ACJ,1,B,Ericaceae,Gaultheria,vaccinioides,Gaultheria vaccinioides,3,forb,NA,
2018,ACJ,1,B,Gentianaceae,Gentiana,sedifolia,Gentiana sedifolia,0.5,forb,NA,
2018,PIL,1,B,Gentianaceae,Gentiana,sedifolia,Gentiana sedifolia,0.5,forb,NA,
2018,PIL,2,B,Gentianaceae,Gentiana,sedifolia,Gentiana sedifolia,0.5,forb,NA,
2018,WAY,1,B,Gentianaceae,Gentiana,sedifolia,Gentiana sedifolia,0.5,forb,NA,
2018,WAY,4,C,Gentianaceae,Gentiana,sedifolia,Gentiana sedifolia,0.5,forb,NA,
2018,TRE,3,C,Gentianaceae,Gentiana,sedifolia,Gentiana sedifolia,0.5,forb,NA,
2018,QUE,2,B,Gentianaceae,Gentiana,sedifolia,Gentiana sedifolia,0.5,forb,NA,
2018,QUE,4,B,Gentianaceae,Gentiana,sedifolia,Gentiana sedifolia,0.5,forb,NA,
2018,QUE,3,B,Gentianaceae,Gentiana,sedifolia,Gentiana sedifolia,2,forb,NA,
2018,QUE,5,B,Gentianaceae,Gentiana,sedifolia,Gentiana sedifolia,0.5,forb,NA,
2018,PIL,3,B,Gentianaceae,Gentiana,sedifolia,Gentiana sedifolia,0.5,forb,NA,
2018,PIL,3,C,Gentianaceae,Gentiana,sedifolia,Gentiana sedifolia,0.5,forb,NA,
2018,QUE,5,B,Gentianaceae,Gentianella,ernestii,Gentianella ernestii,0.5,forb,NA,
2018,QUE,2,B,Geraniaceae,Geranium,sessiliflorum,Geranium sessiliflorum,0.5,forb,NA,
2018,QUE,4,B,Geraniaceae,Geranium,sessiliflorum,Geranium sessiliflorum,0.5,forb,NA,
2018,QUE,1,B,Geraniaceae,Geranium,sessiliflorum,Geranium sessiliflorum,0.5,forb,NA,
2018,QUE,3,B,Geraniaceae,Geranium,sessiliflorum,Geranium sessiliflorum,0.5,forb,NA,
2018,QUE,5,B,Geraniaceae,Geranium,sessiliflorum,Geranium sessiliflorum,0.5,forb,NA,
2018,WAY,3,C,Asteraceae,Gnaphalium,dombeyanum,Gnaphalium dombeyanum,1,forb,NA,
2018,WAY,1,C,Asteraceae,Gnaphalium,dombeyanum,Gnaphalium dombeyanum,1,forb,NA,
2018,WAY,3,B,Asteraceae,Gnaphalium,dombeyanum,Gnaphalium dombeyanum,3,forb,NA,
2018,WAY,4,B,Asteraceae,Antennaria,linearifolia,Antennaria linearifolia,0.5,forb,NA,
2018,WAY,4,C,Asteraceae,Antennaria,linearifolia,Antennaria linearifolia,2,forb,NA,
2018,WAY,2,B,Asteraceae,Antennaria,linearifolia,Antennaria linearifolia,0.5,forb,NA,
2018,QUE,2,B,Asteraceae,Antennaria,linearifolia,Antennaria linearifolia,0.5,forb,NA,
2018,QUE,4,B,Asteraceae,Antennaria,linearifolia,Antennaria linearifolia,2,forb,NA,
2018,QUE,1,B,Asteraceae,Antennaria,linearifolia,Antennaria linearifolia,1,forb,NA,
2018,QUE,3,B,Asteraceae,Antennaria,linearifolia,Antennaria linearifolia,1,forb,NA,
2018,QUE,5,B,Asteraceae,Antennaria,linearifolia,Antennaria linearifolia,3,forb,NA,
2018,PIL,4,C,Orchidaceae,Gonphichis,sp,Gomphichis sp,0.5,forb,NA,
2018,WAY,2,B,Gentianaceae,Halenia,umbellata,Halenia umbellata,0.5,forb,NA,
2018,WAY,5,C,Gentianaceae,Halenia,umbellata,Halenia umbellata,2,forb,NA,
2018,WAY,3,C,Gentianaceae,Halenia,umbellata,Halenia umbellata,3,forb,NA,
2018,WAY,1,C,Gentianaceae,Halenia,umbellata,Halenia umbellata,0.5,forb,NA,
2018,PIL,2,C,Gentianaceae,Halenia,umbellata,Halenia umbellata,0.5,forb,NA,
2018,ACJ,1,C,Gentianaceae,Halenia,umbellata,Halenia umbellata,7,forb,NA,
2018,ACJ,2,B,Gentianaceae,Halenia,umbellata,Halenia umbellata,0.5,forb,NA,
2018,ACJ,5,C,Gentianaceae,Halenia,umbellata,Halenia umbellata,4,forb,NA,
2018,TRE,5,C,Gentianaceae,Halenia,umbellata,Halenia umbellata,0.5,forb,NA,
2018,TRE,1,C,Gentianaceae,Halenia,umbellata,Halenia umbellata,3,forb,NA,
2018,TRE,3,C,Gentianaceae,Halenia,umbellata,Halenia umbellata,5,forb,NA,
2018,TRE,2,C,Gentianaceae,Halenia,umbellata,Halenia umbellata,2,forb,NA,
2018,TRE,4,C,Gentianaceae,Halenia,umbellata,Halenia umbellata,2,forb,NA,
2018,WAY,1,B,Gentianaceae,Halenia,umbellata,Halenia umbellata,3,forb,NA,
2018,WAY,2,C,Gentianaceae,Halenia,umbellata,Halenia umbellata,2,forb,NA,
2018,WAY,5,B,Gentianaceae,Halenia,umbellata,Halenia umbellata,1,forb,NA,
2018,ACJ,4,B,Gentianaceae,Halenia,umbellata,Halenia umbellata,0.5,forb,NA,
2018,ACJ,1,B,Gentianaceae,Halenia,umbellata,Halenia umbellata,1,forb,NA,
2018,ACJ,3,B,Gentianaceae,Halenia,umbellata,Halenia umbellata,1,forb,NA,
2018,ACJ,5,B,Gentianaceae,Halenia,umbellata,Halenia umbellata,3,forb,NA,
2018,PIL,3,C,Gentianaceae,Halenia,umbellata,Halenia umbellata,2,forb,NA,
2018,PIL,4,C,Gentianaceae,Halenia,umbellata,Halenia umbellata,1,forb,NA,
2018,PIL,5,C,Gentianaceae,Halenia,umbellata,Halenia umbellata,0.5,forb,NA,
2018,PIL,1,BB,Asteraceae,Hieracium,sp,Hieracium sp,0.5,forb,NA,
2018,PIL,1,C,Asteraceae,Hieracium,sp,Hieracium sp,0.5,forb,NA,
2018,PIL,2,C,Asteraceae,Hieracium,sp,Hieracium sp,0.5,forb,NA,
2018,WAY,5,B,Asteraceae,Hieracium,sp,Hieracium sp,0.5,forb,NA,
2018,ACJ,1,B,Asteraceae,Hieracium,sp,Hieracium sp,0.5,forb,NA,
2018,WAY,3,C,Asteraceae,Hieracium,sp,Hieracium sp,0.5,forb,NA,
2018,WAY,1,C,Asteraceae,Hieracium,sp,Hieracium sp,0.5,forb,NA,
2018,ACJ,2,B,Asteraceae,Hieracium,sp,Hieracium sp,0.5,forb,NA,
2018,ACJ,2,C,Asteraceae,Hieracium,sp,Hieracium sp,0.5,forb,NA,
2018,ACJ,3,C,Asteraceae,Hieracium,sp,Hieracium sp,0.5,forb,NA,
2018,QUE,5,B,Asteraceae,Hieracium,sp,Hieracium sp,0.5,forb,NA,
2018,PIL,3,C,Asteraceae,Hieracium,sp,Hieracium sp,0.5,forb,NA,
2018,PIL,5,C,Asteraceae,Hieracium,sp,Hieracium sp,0.5,forb,NA,
2018,PIL,4,B,Lycopodiaceae,Huperzia,weberbaueri,Huperzia weberbaueri,0.5,forb,NA,
2018,PIL,1,B,Hypericaceae,Hypericum,andinum,Hypericum andinum,0.5,forb,NA,
2018,PIL,1,BB,Hypericaceae,Hypericum,andinum,Hypericum andinum,0.5,forb,NA,
2018,PIL,1,C,Hypericaceae,Hypericum,andinum,Hypericum andinum,1,forb,NA,
2018,PIL,2,B,Hypericaceae,Hypericum,andinum,Hypericum andinum,0.5,forb,NA,
2018,PIL,2,BB,Hypericaceae,Hypericum,andinum,Hypericum andinum,2,forb,NA,
2018,PIL,2,C,Hypericaceae,Hypericum,andinum,Hypericum andinum,0.5,forb,NA,
2018,TRE,2,C,Hypericaceae,Hypericum,andinum,Hypericum andinum,0.5,forb,NA,
2018,ACJ,1,B,Hypericaceae,Hypericum,andinum,Hypericum andinum,0.5,forb,NA,
2018,ACJ,5,B,Hypericaceae,Hypericum,andinum,Hypericum andinum,0.5,forb,NA,
2018,ACJ,1,C,Hypericaceae,Hypericum,andinum,Hypericum andinum,0.5,forb,NA,
2018,TRE,1,C,Hypericaceae,Hypericum,andinum,Hypericum andinum,13,forb,NA,
2018,TRE,3,C,Hypericaceae,Hypericum,andinum,Hypericum andinum,12,forb,NA,
2018,ACJ,5,C,Hypericaceae,Hypericum,andinum,Hypericum andinum,0.5,forb,NA,
2018,ACJ,4,C,Hypericaceae,Hypericum,andinum,Hypericum andinum,0.5,forb,NA,
2018,QUE,2,B,Hypericaceae,Hypericum,andinum,Hypericum andinum,0.5,forb,NA,
2018,QUE,4,B,Hypericaceae,Hypericum,andinum,Hypericum andinum,5,forb,NA,
2018,ACJ,3,C,Hypericaceae,Hypericum,andinum,Hypericum andinum,3,forb,NA,
2018,TRE,5,C,Hypericaceae,Hypericum,andinum,Hypericum andinum,5,forb,NA,
2018,QUE,1,B,Hypericaceae,Hypericum,andinum,Hypericum andinum,10,forb,NA,
2018,QUE,3,B,Hypericaceae,Hypericum,andinum,Hypericum andinum,6,forb,NA,
2018,QUE,5,B,Hypericaceae,Hypericum,andinum,Hypericum andinum,6,forb,NA,
2018,PIL,3,B,Hypericaceae,Hypericum,andinum,Hypericum andinum,0.5,forb,NA,
2018,PIL,3,BB,Hypericaceae,Hypericum,andinum,Hypericum andinum,0.5,forb,NA,
2018,PIL,3,C,Hypericaceae,Hypericum,andinum,Hypericum andinum,1,forb,NA,
2018,PIL,4,B,Hypericaceae,Hypericum,andinum,Hypericum andinum,0.5,forb,NA,
2018,PIL,4,C,Hypericaceae,Hypericum,andinum,Hypericum andinum,1,forb,NA,
2018,PIL,5,B,Hypericaceae,Hypericum,andinum,Hypericum andinum,1,forb,NA,
2018,PIL,5,C,Hypericaceae,Hypericum,andinum,Hypericum andinum,1,forb,NA,
2018,WAY,5,B,Asteraceae,Hypochaeris,taraxacoides,Hypochaeris taraxacoides,5,forb,NA,
2018,WAY,1,C,Asteraceae,Hypochaeris,taraxacoides,Hypochaeris taraxacoides,3,forb,NA,
2018,QUE,1,B,Asteraceae,Hypochaeris,taraxacoides,Hypochaeris taraxacoides,0.5,forb,NA,
2018,QUE,2,B,Asteraceae,Hypochaeris,taraxacoides,Hypochaeris taraxacoides,2,forb,NA,
2018,QUE,3,B,Campanulaceae,Lysipomia,glandulifera,Lysipomia glandulifera,0.5,forb,NA,
2018,ACJ,3,B,Pteridaceae,Jamesonia,alstonii,Jamesonia alstonii,0.5,forb,NA,
2018,WAY,2,B,Pteridaceae,Eriosorus,cheilanthoides,Eriosorus cheilanthoides,0.5,forb,NA,
2018,WAY,1,B,Pteridaceae,Jamesonia,scalaris,Jamesonia scalaris,0.5,forb,NA,
2018,PIL,1,C,NA,Luzula,racemosa,Luzula racemosa,0.5,forb,NA,
2018,TRE,5,C,NA,Luzula,racemosa,Luzula racemosa,0.5,forb,NA,
2018,TRE,2,C,NA,Luzula,racemosa,Luzula racemosa,0.5,forb,NA,
2018,QUE,2,B,NA,Luzula,racemosa,Luzula racemosa,0.5,forb,NA,
2018,PIL,5,C,NA,Luzula,racemosa,Luzula racemosa,0.5,forb,NA,
2018,WAY,1,B,Lycopodiaceae,Lycopodiella,cernua,Lycopodiella cernua,10,forb,NA,
2018,WAY,4,B,Lycopodiaceae,Lycopodiella,cernua,Lycopodiella cernua,8,forb,NA,
2018,WAY,2,B,Lycopodiaceae,Lycopodiella,cernua,Lycopodiella cernua,5,forb,NA,
2018,WAY,3,C,Lycopodiaceae,Lycopodiella,cernua,Lycopodiella cernua,6,forb,NA,
2018,WAY,1,C,Lycopodiaceae,Lycopodiella,cernua,Lycopodiella cernua,18,forb,NA,
2018,WAY,3,B,Lycopodiaceae,Lycopodiella,cernua,Lycopodiella cernua,6,forb,NA,
2018,PIL,1,B,Lycopodiaceae,Lycopodium,sp,Lycopodium sp,6,forb,NA,
2018,PIL,1,BB,Lycopodiaceae,Lycopodium,sp,Lycopodium sp,2,forb,NA,
2018,PIL,2,BB,Lycopodiaceae,Lycopodium,sp,Lycopodium sp,3,forb,NA,
2018,TRE,4,C,Lycopodiaceae,Lycopodium,sp,Lycopodium sp,0.5,forb,NA,
2018,WAY,2,C,Lycopodiaceae,Lycopodium,sp,Lycopodium sp,5,forb,NA,
2018,WAY,4,B,Lycopodiaceae,Lycopodium,sp,Lycopodium sp,1,forb,NA,
2018,WAY,5,B,Lycopodiaceae,Lycopodium,sp,Lycopodium sp,10,forb,NA,
2018,WAY,2,B,Lycopodiaceae,Lycopodium,sp,Lycopodium sp,2,forb,NA,
2018,WAY,5,C,Lycopodiaceae,Lycopodium,sp,Lycopodium sp,7,forb,NA,
2018,WAY,3,C,Lycopodiaceae,Lycopodium,sp,Lycopodium sp,15,forb,NA,
2018,WAY,3,B,Lycopodiaceae,Lycopodium,sp,Lycopodium sp,3,forb,NA,
2018,QUE,5,B,Lycopodiaceae,Lycopodium,sp,Lycopodium sp,5,forb,NA,
2018,PIL,5,B,Lycopodiaceae,Lycopodium,sp,Lycopodium sp,0.5,forb,NA,
2018,PIL,5,C,Lycopodiaceae,Lycopodium,sp,Lycopodium sp,5,forb,NA,
2018,TRE,5,C,Lycopodiaceae,Lycopodium,sp,Lycopodium sp,2,forb,NA,
2018,ACJ,1,B,Lycopodiaceae,Lycopodium,sp,Lycopodium sp,20,forb,NA,
2018,ACJ,3,B,Lycopodiaceae,Lycopodium,sp,Lycopodium sp,0.5,forb,NA,
2018,ACJ,5,B,Lycopodiaceae,Lycopodium,sp,Lycopodium sp,7,forb,NA,
2018,ACJ,3,C,Lycopodiaceae,Lycopodium,sp,Lycopodium sp,3,forb,NA,
2018,ACJ,5,C,Lycopodiaceae,Lycopodium,sp,Lycopodium sp,0.5,forb,NA,
2018,TRE,3,C,Campanulaceae,Lysipomia,laciniata,Lysipomia laciniata,1,forb,NA,
2018,PIL,4,B,Campanulaceae,Lysipomia,laciniata,Lysipomia laciniata,0.5,forb,NA,
2018,TRE,2,C,Campanulaceae,Lysipomia,laciniata,Lysipomia laciniata,0.5,forb,NA,
2018,TRE,4,C,Campanulaceae,Lysipomia,laciniata,Lysipomia laciniata,0.5,forb,NA,
2018,ACJ,3,B,Campanulaceae,Lysipomia,laciniata,Lysipomia laciniata,0.5,forb,NA,
2018,TRE,1,C,Campanulaceae,Lysipomia,laciniata,Lysipomia laciniata,0.5,forb,NA,
2018,ACJ,4,C,Polypodiaceae,Melpomene,moniliformis,Melpomene moniliformis,0.5,forb,NA,
2018,ACJ,2,C,Polypodiaceae,Melpomene,moniliformis,Melpomene moniliformis,0.5,forb,NA,
2018,ACJ,3,C,Polypodiaceae,Melpomene,moniliformis,Melpomene moniliformis,0.5,forb,NA,
2018,PIL,1,BB,Polygonaceae,Muehlenbeckia,volcanica,Muehlenbeckia volcanica,0.5,forb,NA,
2018,PIL,3,C,Polygonaceae,Muehlenbeckia,volcanica,Muehlenbeckia volcanica,0.5,forb,NA,
2018,PIL,1,BB,Melastomataceae,Miconia,rotundifolia,Miconia rotundifolia,0.5,forb,NA,
2018,ACJ,1,B,Melastomataceae,Miconia,rotundifolia,Miconia rotundifolia,1,forb,NA,
2018,ACJ,3,B,Melastomataceae,Miconia,rotundifolia,Miconia rotundifolia,1,forb,NA,
2018,ACJ,5,C,Melastomataceae,Miconia,rotundifolia,Miconia rotundifolia,1,forb,NA,
2018,ACJ,2,B,Melastomataceae,Miconia,rotundifolia,Miconia rotundifolia,0.5,forb,NA,
2018,ACJ,2,B,Polypodiaceae,Melpomene,moniliformis,Melpomene moniliformis,1,forb,NA,
2018,ACJ,2,C,Melastomataceae,Miconia,rotundifolia,Miconia rotundifolia,0.5,forb,NA,
2018,PIL,1,BB,Rubiaceae,Nertera,granadensis,Nertera granadensis,0.5,forb,NA,
2018,PIL,2,BB,Rubiaceae,Nertera,granadensis,Nertera granadensis,0.5,forb,NA,
2018,PIL,3,BB,Rubiaceae,Nertera,granadensis,Nertera granadensis,0.5,forb,NA,
2018,WAY,1,B,Rubiaceae,Nertera,granadensis,Nertera granadensis,5,forb,NA,
2018,WAY,2,C,Rubiaceae,Nertera,granadensis,Nertera granadensis,1,forb,NA,
2018,WAY,4,B,Rubiaceae,Nertera,granadensis,Nertera granadensis,0.5,forb,NA,
2018,WAY,2,B,Rubiaceae,Nertera,granadensis,Nertera granadensis,0.5,forb,NA,
2018,WAY,1,C,Rubiaceae,Nertera,granadensis,Nertera granadensis,0.5,forb,NA,
2018,PIL,4,B,Rubiaceae,Nertera,granadensis,Nertera granadensis,0.5,forb,NA,
2018,TRE,3,C,NA,Neurolepis,sp,Neurolepis sp,6,forb,NA,
2018,QUE,3,B,Ranunculaceae,Oreithales,integrifolia,Oreithales integrifolia,0.5,forb,NA,
2018,QUE,4,B,Ranunculaceae,Oreithales,integrifolia,Oreithales integrifolia,6,forb,NA,
2018,WAY,2,C,Orchidaceae,Orchidaceae,Orchidaceae,Orchidaceae,0.5,forb,NA,
2018,ACJ,2,C,Orchidaceae,Orchidaceae,Orchidaceae,Orchidaceae,0.5,forb,NA,
2018,PIL,1,B,Asteraceae,Oritrophium,hieracioides,Oritrophium hieracioides,0.5,forb,NA,
2018,PIL,2,C,Asteraceae,Oritrophium,hieracioides,Oritrophium hieracioides,0.5,forb,NA,
2018,TRE,2,C,Asteraceae,Oritrophium,hieracioides,Oritrophium hieracioides,0.5,forb,NA,
2018,PIL,4,B,Asteraceae,Oritrophium,hieracioides,Oritrophium hieracioides,0.5,forb,NA,
2018,QUE,2,B,Asteraceae,Oritrophium,hieracioides,Oritrophium hieracioides,0.5,forb,NA,
2018,WAY,1,B,Orchidaceae,Orchidaceae,Orchidaceae,Orchidaceae,2,forb,NA,
2018,QUE,4,B,Oxalidaceae,Oxalis,sp,Oxalis sp,0.5,forb,NA,
2018,QUE,1,B,Oxalidaceae,Oxalis,sp,Oxalis sp,0.5,forb,NA,
2018,QUE,3,B,Oxalidaceae,Oxalis,sp,Oxalis sp,0.5,forb,NA,
2018,QUE,5,B,Oxalidaceae,Oxalis,sp,Oxalis sp,0.5,forb,NA,
2018,QUE,2,B,Oxalidaceae,Oxalis,sp,Oxalis sp,0.5,forb,NA,
2018,QUE,1,B,Asteraceae,Perezia,macrocephala,Perezia macrocephala,0.5,forb,NA,
2018,QUE,2,B,Asteraceae,Perezia,macrocephala,Perezia macrocephala,0.5,forb,NA,
2018,PIL,3,BB,Ericaceae,Pernettya,prostrata,Pernettya prostrata,0.5,forb,NA,
2018,PIL,3,C,Ericaceae,Pernettya,prostrata,Pernettya prostrata,0.5,forb,NA,
2018,TRE,4,C,Ericaceae,Pernettya,prostrata,Pernettya prostrata,2,forb,NA,
2018,ACJ,4,B,Ericaceae,Pernettya,prostrata,Pernettya prostrata,0.5,forb,NA,
2018,ACJ,1,B,Ericaceae,Pernettya,prostrata,Pernettya prostrata,1,forb,NA,
2018,ACJ,3,B,Ericaceae,Pernettya,prostrata,Pernettya prostrata,0.5,forb,NA,
2018,ACJ,5,B,Ericaceae,Pernettya,prostrata,Pernettya prostrata,0.5,forb,NA,
2018,WAY,5,C,Ericaceae,Pernettya,prostrata,Pernettya prostrata,0.5,forb,NA,
2018,QUE,2,B,Ericaceae,Pernettya,prostrata,Pernettya prostrata,2,forb,NA,
2018,PIL,2,B,Ericaceae,Pernettya,prostrata,Pernettya prostrata,0.5,forb,NA,
2018,PIL,4,B,Ericaceae,Pernettya,prostrata,Pernettya prostrata,0.5,forb,NA,
2018,ACJ,1,C,Ericaceae,Pernettya,prostrata,Pernettya prostrata,2,forb,NA,
2018,ACJ,2,B,Ericaceae,Pernettya,prostrata,Pernettya prostrata,0.5,forb,NA,
2018,ACJ,4,C,Ericaceae,Pernettya,prostrata,Pernettya prostrata,5,forb,NA,
2018,ACJ,5,C,Ericaceae,Pernettya,prostrata,Pernettya prostrata,5,forb,NA,
2018,TRE,5,C,Ericaceae,Pernettya,prostrata,Pernettya prostrata,6,forb,NA,
2018,TRE,1,C,Ericaceae,Pernettya,prostrata,Pernettya prostrata,1,forb,NA,
2018,TRE,3,C,Ericaceae,Pernettya,prostrata,Pernettya prostrata,9,forb,NA,
2018,QUE,1,B,Ericaceae,Pernettya,prostrata,Pernettya prostrata,3,forb,NA,
2018,QUE,3,B,Ericaceae,Pernettya,prostrata,Pernettya prostrata,1,forb,NA,
2018,QUE,5,B,Ericaceae,Pernettya,prostrata,Pernettya prostrata,10,forb,NA,
2018,PIL,1,B,NA,Polytrichum,sp,Polytrichum sp,3,forb,NA,
2018,PIL,3,B,NA,Polytrichum,sp,Polytrichum sp,0.5,forb,NA,
2018,QUE,4,B,NA,Polytrichum,sp,Polytrichum sp,3,forb,NA,
2018,QUE,1,B,NA,Polytrichum,sp,Polytrichum sp,0.5,forb,NA,
2018,QUE,3,B,NA,Polytrichum,sp,Polytrichum sp,0.5,forb,NA,
2018,QUE,5,B,NA,Polytrichum,sp,Polytrichum sp,0.5,forb,NA,
2018,QUE,2,B,NA,Polytrichum,sp,Polytrichum sp,2,forb,NA,
2018,QUE,2,B,NA,Polytrichum,sp2,Polytrichum sp2,0.5,forb,NA,
2018,WAY,1,B,NA,Polytrichum,sp,Polytrichum sp,0.5,forb,NA,
2018,PIL,4,C,NA,Polytrichum,sp,Polytrichum sp,0.5,forb,NA,
2018,PIL,5,B,Cyperaceae,Scripus,sp,Scripus sp,0.5,graminoid,NA,
2018,WAY,2,B,Orchidaceae,Pterichis,silvestris,Pterichis silvestris,0.5,forb,NA,
2018,WAY,3,B,Orchidaceae,Pterichis,silvestris,Pterichis silvestris,0.5,forb,NA,
2018,QUE,2,B,Orchidaceae,Pterichis,silvestris,Pterichis silvestris,0.5,forb,NA,
2018,WAY,1,B,Orchidaceae,Pterichis,silvestris,Pterichis silvestris,0.5,forb,NA,
2018,QUE,4,B,Orchidaceae,Pterichis,silvestris,Pterichis silvestris,0.5,forb,NA,
2018,WAY,5,B,Dennstaedtiaceae,Pteridium,aquilinum,Pteridium aquilinum,0.5,forb,NA,
2018,WAY,3,B,Dennstaedtiaceae,Pteridium,aquilinum,Pteridium aquilinum,0.5,forb,NA,
2018,ACJ,5,B,Bromeliaceae,Puya,leptostachya,Puya leptostachya,2,forb,NA,
2018,ACJ,2,B,Bromeliaceae,Puya,leptostachya,Puya leptostachya,3,forb,NA,
2018,WAY,3,C,Asteraceae,Senecio,sp,Senecio sp,0.5,forb,NA,
2018,WAY,1,B,Asteraceae,Senecio,sp,Senecio sp,0.5,forb,NA,
2018,WAY,2,C,Asteraceae,Senecio,sp,Senecio sp,3,forb,NA,
2018,WAY,4,B,Asteraceae,Senecio,sp,Senecio sp,0.5,forb,NA,
2018,WAY,5,B,Asteraceae,Stevia,sp,Stevia sp,0.5,forb,NA,
2018,WAY,2,B,Asteraceae,Senecio,sp,Senecio sp,0.5,forb,NA,
2018,WAY,3,B,Asteraceae,Senecio,sp,Senecio sp,2,forb,NA,
2018,QUE,1,B,Asteraceae,Senecio,sp2,Senecio sp2,0.5,forb,NA,
2018,WAY,1,B,Iridaceae,Sisyrinchium,sp,Sisyrinchium sp,0.5,forb,NA,
2018,WAY,4,C,Iridaceae,Sisyrinchium,sp,Sisyrinchium sp,0.5,forb,NA,
2018,WAY,5,B,Iridaceae,Sisyrinchium,sp,Sisyrinchium sp,0.5,forb,NA,
2018,WAY,1,B,Asteraceae,Stevia,cuzcoensis,Stevia cuzcoensis,9,forb,NA,
2018,WAY,4,B,Asteraceae,Stevia,cuzcoensis,Stevia cuzcoensis,2,forb,NA,
2018,WAY,4,C,Asteraceae,Stevia,cuzcoensis,Stevia cuzcoensis,5,forb,NA,
2018,WAY,5,B,Asteraceae,Stevia,cuzcoensis,Stevia cuzcoensis,1,forb,NA,
2018,WAY,2,B,Asteraceae,Stevia,cuzcoensis,Stevia cuzcoensis,1,forb,NA,
2018,WAY,5,C,Asteraceae,Stevia,sp,Stevia sp,3,forb,NA,
2018,WAY,3,C,Asteraceae,Stevia,cuzcoensis,Stevia cuzcoensis,5,forb,NA,
2018,WAY,1,C,Asteraceae,Stevia,cuzcoensis,Stevia cuzcoensis,9,forb,NA,
2018,WAY,3,B,Asteraceae,Stevia,sp,Stevia sp,0.5,forb,NA,
2018,PIL,2,C,Orchidaceae,Telipogon,venustus,Telipogon venustus,0.5,forb,NA,
2018,QUE,1,B,indet,indet,indet,indet,0.5,forb,NA,
2018,QUE,2,B,indet,indet,indet,indet,2,forb,NA,
2018,QUE,3,B,indet,indet,indet,indet,0.5,forb,NA,
2018,QUE,4,B,indet,indet,indet,indet,1,forb,NA,
2018,PIL,1,BB,indet,indet,indet,indet,0.5,forb,NA,
2018,PIL,1,BB,Ericaceae,Vaccinium,floribundum,Vaccinium floribundum,0.5,forb,NA,
2018,PIL,2,C,Ericaceae,Vaccinium,floribundum,Vaccinium floribundum,0.5,forb,NA,
2018,PIL,3,B,Ericaceae,Vaccinium,floribundum,Vaccinium floribundum,0.5,forb,NA,
2018,PIL,4,C,Ericaceae,Vaccinium,floribundum,Vaccinium floribundum,3,forb,NA,
2018,TRE,2,C,Ericaceae,Vaccinium,floribundum,Vaccinium floribundum,1,forb,NA,
2018,TRE,4,C,Ericaceae,Vaccinium,floribundum,Vaccinium floribundum,6,forb,NA,
2018,ACJ,4,B,Ericaceae,Vaccinium,floribundum,Vaccinium floribundum,2,forb,NA,
2018,ACJ,1,B,Ericaceae,Vaccinium,floribundum,Vaccinium floribundum,5,forb,NA,
2018,ACJ,3,B,Ericaceae,Vaccinium,floribundum,Vaccinium floribundum,0.5,forb,NA,
2018,ACJ,5,B,Ericaceae,Vaccinium,floribundum,Vaccinium floribundum,4,forb,NA,
2018,WAY,5,C,Ericaceae,Vaccinium,floribundum,Vaccinium floribundum,0.5,forb,NA,
2018,ACJ,1,C,Ericaceae,Vaccinium,floribundum,Vaccinium floribundum,3,forb,NA,
2018,ACJ,2,B,Ericaceae,Vaccinium,floribundum,Vaccinium floribundum,12,forb,NA,
2018,ACJ,4,C,Ericaceae,Vaccinium,floribundum,Vaccinium floribundum,6,forb,NA,
2018,ACJ,2,C,Ericaceae,Vaccinium,floribundum,Vaccinium floribundum,0.5,forb,NA,
2018,QUE,5,B,Ericaceae,Vaccinium,floribundum,Vaccinium floribundum,0.5,forb,NA,
2018,TRE,5,C,Ericaceae,Vaccinium,floribundum,Vaccinium floribundum,10,forb,NA,
2018,PIL,4,C,Violaceae,Viola,pygmaea,Viola pygmaea,0.5,forb,NA,
2018,TRE,3,C,Violaceae,Viola,pygmaea,Viola pygmaea,0.5,forb,NA,
2018,QUE,1,B,Violaceae,Viola,pygmaea,Viola pygmaea,0.5,forb,NA,
2018,QUE,2,B,Violaceae,Viola,pygmaea,Viola pygmaea,0.5,forb,NA,
2018,WAY,5,C,Asteraceae,Werneria,nubigena,Werneria nubigena,1,forb,NA,
2018,WAY,1,C,Asteraceae,Werneria,nubigena,Werneria nubigena,6,forb,NA,
2018,QUE,4,B,Asteraceae,Werneria,nubigena,Werneria nubigena,3,forb,NA,
2018,TRE,5,C,Asteraceae,Werneria,nubigena,Werneria nubigena,0.5,forb,NA,
2018,QUE,1,B,Asteraceae,Werneria,nubigena,Werneria nubigena,0.5,forb,NA,
2018,QUE,3,B,Asteraceae,Werneria,nubigena,Werneria nubigena,4,forb,NA,
2018,QUE,1,B,Asteraceae,Werneria,villosa,Werneria villosa,0.5,forb,NA,
2018,QUE,2,B,Asteraceae,Werneria,villosa,Werneria villosa,1,forb,NA,
2018,QUE,4,B,Asteraceae,Werneria,villosa,Werneria villosa,10,forb,NA,
2018,WAY,1,B,Asteraceae,Stevia,sp,Stevia sp,2,forb,NA,
2018,WAY,5,C,Orchidaceae,Pterichis,silvestris,Pterichis silvestris,0.5,forb,NA,
2018,ACJ,1,C,Ericaceae,Gaultheria,vaccinioides,Gaultheria vaccinioides,0.5,forb,NA,
2018,ACJ,1,C,Lycopodiaceae,Lycopodium,sp,Lycopodium sp,4,forb,NA,
2018,ACJ,1,C,Pteridaceae,Eriosorus,cheilanthoides,Eriosorus cheilanthoides,2,forb,NA,
2018,ACJ,1,C,Melastomataceae,Miconia,rotundifolia,Miconia rotundifolia,0.5,forb,NA,
2018,ACJ,1,C,Polypodiaceae,Melpomene,moniliformis,Melpomene moniliformis,0.5,forb,NA,
2018,TRE,2,C,Ranunculaceae,Oreithales,integrifolia,Oreithales integrifolia,0.5,forb,NA,
2018,TRE,3,C,Ranunculaceae,Oreithales,integrifolia,Oreithales integrifolia,0.5,forb,NA,
2018,WAY,5,B,Poaceae,Paspalum,bonplandianum,Paspalum bonplandianum,0.5,graminoid,NA,Added by Lucely
2018,WAY,4,B,Poaceae,Paspalum,bonplandianum,Paspalum bonplandianum,2,graminoid,NA,Added by Lucely
2018,WAY,1,C,Poaceae,Paspalum,bonplandianum,Paspalum bonplandianum,6,graminoid,NA,Added by Lucely
2018,WAY,2,C,Poaceae,Paspalum,bonplandianum,Paspalum bonplandianum,2,graminoid,NA,Added by Lucely
2018,WAY,3,C,Poaceae,Paspalum,bonplandianum,Paspalum bonplandianum,9,graminoid,NA,Added by Lucely
2018,WAY,4,C,Poaceae,Paspalum,bonplandianum,Paspalum bonplandianum,3,graminoid,NA,Added by Lucely
2018,WAY,5,C,Poaceae,Paspalum,bonplandianum,Paspalum bonplandianum,3,graminoid,NA,Added by Lucely
2018,QUE,4,B,Asteraceae,Hypochaeris,taraxacoides,Hypochaeris taraxacoides,1,forb,NA,Added by Lucely
2018,ACJ,1,B,Asteraceae,Baccharis,genistelloides,Baccharis genistelloides,0.5,woody,NA,Added by Lucely
2018,ACJ,1,C,Asteraceae,Baccharis,tricuneata,Baccharis tricuneata,0.5,woody,NA,Added by Lucely
2018,ACJ,3,B,Cyperaceae,Carex,pichinchensis,Carex pichinchensis,1,graminoid,NA,Added by Lucely
2018,PIL,2,B,Cyperaceae,Carex,pichinchensis,Carex pichinchensis,3,graminoid,NA,Added by Lucely
2018,PIL,3,C,Cyperaceae,Carex,pichinchensis,Carex pichinchensis,1,graminoid,NA,Added by Lucely
2018,PIL,4,C,Cyperaceae,Carex,pichinchensis,Carex pichinchensis,1,graminoid,NA,Added by Lucely
2018,PIL,5,C,Cyperaceae,Carex,pichinchensis,Carex pichinchensis,1,graminoid,NA,Added by Lucely
2018,TRE,4,C,Asteraceae,Perezia,pungens,Perezia pungens,0.5,forb,NA,Added by Lucely
2018,ACJ,2,C,Dryopteridaceae,Elaphoglossum,huacsaro,Elaphoglossum huacsaro,1,forb,NA,Added by Lucely
2018,ACJ,2,C,Cyperaceae,Rhynchospora,macrochaeta,Rhynchospora macrochaeta,0.5,graminoid,NA,Added by Lucely
2018,PIL,4,B,Asteraceae,Hypochaeris,taraxacoides,Hypochaeris taraxacoides,1,forb,NA,Added by Lucely
2018,TRE,2,C,Poaceae,Agrostis,sp2,Agrostis sp2,0.5,graminoid,NA,Added by Lucely
2018,TRE,4,C,Asteraceae,Perezia,pungens,Perezia pungens,0.5,graminoid,NA,Added by Lucely
2018,WAY,2,B,Dryopteridaceae,Elaphoglossum,huacsaro,Elaphoglossum huacsaro,1,forb,NA,Added by Lucely
2018,WAY,5,B,Orchidaceae,Pterichis,silvestris,Pterichis silvestris,0.5,forb,NA,Added by Lucely
2018,PIL,2,B,Cyperaceae,Carex,tristicha,Carex tristicha,0.5,graminoid,NA,Added by Lucely
2018,PIL,1,C,Asteraceae,Baccharis,tricuneata,Baccharis tricuneata,0.5,woody,NA,Added by Lucely
2018,TRE,2,C,Poaceae,Calamagrostis,sp3,Calamagrostis sp3,0.5,woody,NA,Added by Lucely
