year,project,month,site,treatment,plot_id,functional_group,family,genus,specie,taxon,cover
2018,PFTC3,March,ACJ,B,1,Forb,Asteraceae,Hieracium,cf. mandonii,Hieracium cf. mandonii,0.5
2018,PFTC3,March,ACJ,B,1,Woody,Asteraceae,Baccharis,genistelloides,Baccharis genistelloides,0.5
2018,PFTC3,March,ACJ,B,1,Woody,Asteraceae,Baccharis,tricuneata,Baccharis tricuneata,0.5
2018,PFTC3,March,ACJ,B,1,Gramminoid,Cyperaceae,Carex,pichinchensis,Carex pichinchensis,1
2018,PFTC3,March,ACJ,B,1,Gramminoid,Cyperaceae,Rhynchospora,macrochaeta,Rhynchospora macrochaeta,0.5
2018,PFTC3,March,ACJ,B,1,Woody,Ericaceae,Gaultheria,glomerata,Gaultheria glomerata,1
2018,PFTC3,March,ACJ,B,1,Woody,Ericaceae,Gaultheria,vaccinioides,Gaultheria vaccinioides,3
2018,PFTC3,March,ACJ,B,1,Woody,Ericaceae,Pernettya,prostrata,Pernettya prostrata,1
2018,PFTC3,March,ACJ,B,1,Woody,Ericaceae,Vaccinium,floribundum,Vaccinium floribundum,5
2018,PFTC3,March,ACJ,B,1,Forb,Gentianaceae,Gentiana,sedifolia,Gentiana sedifolia,0.5
2018,PFTC3,March,ACJ,B,1,Forb,Gentianaceae,Halenia,umbellata,Halenia umbellata,1
2018,PFTC3,March,ACJ,B,1,Woody,Hypericaceae,Hypericum,andinum,Hypericum andinum,0.5
2018,PFTC3,March,ACJ,B,1,Fern,Lycopodiaceae,Lycopodium,clavatum,Lycopodium clavatum,20
2018,PFTC3,March,ACJ,B,1,Woody,Melastomataceae,Miconia,rotundifolia,Miconia rotundifolia,1
2018,PFTC3,March,ACJ,B,1,Gramminoid,Poaceae,Agrostis,mertensii,Agrostis mertensii,0.5
2018,PFTC3,March,ACJ,B,1,Gramminoid,Poaceae,Calamagrostis,tarmensis,Calamagrostis tarmensis,60
2018,PFTC3,March,ACJ,B,1,Gramminoid,Poaceae,Festuca,dolichophylla,Festuca dolichophylla,1
2018,PFTC3,March,ACJ,B,1,Gramminoid,Poaceae,Paspalum,bonplandianum,Paspalum bonplandianum,3
2018,PFTC3,March,ACJ,B,1,Fern,Pteridaceae,Eriosorus,cheilanthoides,Eriosorus cheilanthoides,0.5
2018,PFTC3,March,ACJ,B,1,Forb,Rubiaceae,Galium,corymbosum,Galium corymbosum,0.5
2018,PFTC3,March,ACJ,B,2,Forb,Asteraceae,Chaptalia,cordata,Chaptalia cordata,0.5
2018,PFTC3,March,ACJ,B,2,Forb,Asteraceae,Hieracium,cf. mandonii,Hieracium cf. mandonii,0.5
2018,PFTC3,March,ACJ,B,2,Forb,Bromeliaceae,Puya,leptostachya,Puya leptostachya,3
2018,PFTC3,March,ACJ,B,2,Gramminoid,Cyperaceae,Carex,pygmaea,Carex pygmaea,7
2018,PFTC3,March,ACJ,B,2,Gramminoid,Cyperaceae,Oreobolus,venezuelensis,Oreobolus venezuelensis,0.5
2018,PFTC3,March,ACJ,B,2,Gramminoid,Cyperaceae,Rhynchospora,macrochaeta,Rhynchospora macrochaeta,2
2018,PFTC3,March,ACJ,B,2,Woody,Ericaceae,Gaultheria,glomerata,Gaultheria glomerata,0.5
2018,PFTC3,March,ACJ,B,2,Woody,Ericaceae,Pernettya,prostrata,Pernettya prostrata,0.5
2018,PFTC3,March,ACJ,B,2,Woody,Ericaceae,Vaccinium,floribundum,Vaccinium floribundum,12
2018,PFTC3,March,ACJ,B,2,Forb,Gentianaceae,Halenia,umbellata,Halenia umbellata,0.5
2018,PFTC3,March,ACJ,B,2,Gramminoid,Juncaceae,Luzula,racemosa,Luzula racemosa,0.5
2018,PFTC3,March,ACJ,B,2,Woody,Melastomataceae,Miconia,rotundifolia,Miconia rotundifolia,0.5
2018,PFTC3,March,ACJ,B,2,Gramminoid,Poaceae,Calamagrostis,tarmensis,Calamagrostis tarmensis,60
2018,PFTC3,March,ACJ,B,2,Gramminoid,Poaceae,Festuca,dolichophylla,Festuca dolichophylla,0.5
2018,PFTC3,March,ACJ,B,2,Gramminoid,Poaceae,Paspalum,bonplandianum,Paspalum bonplandianum,5
2018,PFTC3,March,ACJ,B,2,Fern,Polypodiaceae,Melpomene,moniliformis,Melpomene moniliformis,1
2018,PFTC3,March,ACJ,B,2,Fern,Pteridaceae,Eriosorus,cheilanthoides,Eriosorus cheilanthoides,1
2018,PFTC3,March,ACJ,B,2,Forb,Rosaceae,Lachemilla,jamesonii,Lachemilla jamesonii,0.5
2018,PFTC3,March,ACJ,B,3,Forb,Asteraceae,Chaptalia,cordata,Chaptalia cordata,0.5
2018,PFTC3,March,ACJ,B,3,Woody,Asteraceae,Baccharis,genistelloides,Baccharis genistelloides,0.5
2018,PFTC3,March,ACJ,B,3,Gramminoid,Cyperaceae,Carex,pichinchensis,Carex pichinchensis,1
2018,PFTC3,March,ACJ,B,3,Gramminoid,Cyperaceae,Carex,pygmaea,Carex pygmaea,0.5
2018,PFTC3,March,ACJ,B,3,Gramminoid,Cyperaceae,Rhynchospora,macrochaeta,Rhynchospora macrochaeta,2
2018,PFTC3,March,ACJ,B,3,Woody,Ericaceae,Gaultheria,glomerata,Gaultheria glomerata,1
2018,PFTC3,March,ACJ,B,3,Woody,Ericaceae,Pernettya,prostrata,Pernettya prostrata,0.5
2018,PFTC3,March,ACJ,B,3,Woody,Ericaceae,Vaccinium,floribundum,Vaccinium floribundum,0.5
2018,PFTC3,March,ACJ,B,3,Forb,Gentianaceae,Halenia,umbellata,Halenia umbellata,1
2018,PFTC3,March,ACJ,B,3,Fern,Lycopodiaceae,Lycopodium,clavatum,Lycopodium clavatum,0.5
2018,PFTC3,March,ACJ,B,3,Woody,Melastomataceae,Miconia,rotundifolia,Miconia rotundifolia,1
2018,PFTC3,March,ACJ,B,3,Gramminoid,Poaceae,Agrostis,mertensii,Agrostis mertensii,0.5
2018,PFTC3,March,ACJ,B,3,Gramminoid,Poaceae,Calamagrostis,tarmensis,Calamagrostis tarmensis,50
2018,PFTC3,March,ACJ,B,3,Gramminoid,Poaceae,Cortaderia,bifida,Cortaderia bifida,25
2018,PFTC3,March,ACJ,B,3,Gramminoid,Poaceae,Festuca,dolichophylla,Festuca dolichophylla,0.5
2018,PFTC3,March,ACJ,B,3,Gramminoid,Poaceae,Paspalum,bonplandianum,Paspalum bonplandianum,4
2018,PFTC3,March,ACJ,B,3,Fern,Pteridaceae,Eriosorus,cheilanthoides,Eriosorus cheilanthoides,0.5
2018,PFTC3,March,ACJ,B,3,Forb,Rosaceae,Lachemilla,cf vulcanica,Lachemilla cf vulcanica,0.5
2018,PFTC3,March,ACJ,B,3,Forb,Violaceae,Viola,pygmaea,Viola pygmaea,0.5
2018,PFTC3,March,ACJ,B,4,Woody,Asteraceae,Baccharis,genistelloides,Baccharis genistelloides,0.5
2018,PFTC3,March,ACJ,B,4,Gramminoid,Cyperaceae,Carex,pichinchensis,Carex pichinchensis,3
2018,PFTC3,March,ACJ,B,4,Gramminoid,Cyperaceae,Carex,pygmaea,Carex pygmaea,0.5
2018,PFTC3,March,ACJ,B,4,Gramminoid,Cyperaceae,Rhynchospora,macrochaeta,Rhynchospora macrochaeta,2
2018,PFTC3,March,ACJ,B,4,Woody,Ericaceae,Gaultheria,glomerata,Gaultheria glomerata,0.5
2018,PFTC3,March,ACJ,B,4,Woody,Ericaceae,Pernettya,prostrata,Pernettya prostrata,0.5
2018,PFTC3,March,ACJ,B,4,Woody,Ericaceae,Vaccinium,floribundum,Vaccinium floribundum,2
2018,PFTC3,March,ACJ,B,4,Forb,Gentianaceae,Halenia,umbellata,Halenia umbellata,0.5
2018,PFTC3,March,ACJ,B,4,Woody,Melastomataceae,Brachyotum,grisebachii,Brachyotum grisebachii,2
2018,PFTC3,March,ACJ,B,4,Gramminoid,Poaceae,Agrostis,mertensii,Agrostis mertensii,0.5
2018,PFTC3,March,ACJ,B,4,Gramminoid,Poaceae,Calamagrostis,tarmensis,Calamagrostis tarmensis,60
2018,PFTC3,March,ACJ,B,4,Gramminoid,Poaceae,Festuca,dolichophylla,Festuca dolichophylla,0.5
2018,PFTC3,March,ACJ,B,4,Forb,Rubiaceae,Galium,corymbosum,Galium corymbosum,0.5
2018,PFTC3,March,ACJ,B,5,Forb,Bromeliaceae,Puya,leptostachya,Puya leptostachya,2
2018,PFTC3,March,ACJ,B,5,Gramminoid,Cyperaceae,Carex,pygmaea,Carex pygmaea,2
2018,PFTC3,March,ACJ,B,5,Gramminoid,Cyperaceae,Rhynchospora,macrochaeta,Rhynchospora macrochaeta,3
2018,PFTC3,March,ACJ,B,5,Fern,Dryopteridaceae,Elaphoglossum,huacsaro,Elaphoglossum huacsaro,1
2018,PFTC3,March,ACJ,B,5,Woody,Ericaceae,Gaultheria,glomerata,Gaultheria glomerata,12
2018,PFTC3,March,ACJ,B,5,Woody,Ericaceae,Pernettya,prostrata,Pernettya prostrata,0.5
2018,PFTC3,March,ACJ,B,5,Woody,Ericaceae,Vaccinium,floribundum,Vaccinium floribundum,4
2018,PFTC3,March,ACJ,B,5,Forb,Gentianaceae,Halenia,umbellata,Halenia umbellata,3
2018,PFTC3,March,ACJ,B,5,Woody,Hypericaceae,Hypericum,andinum,Hypericum andinum,0.5
2018,PFTC3,March,ACJ,B,5,Gramminoid,Juncaceae,Luzula,racemosa,Luzula racemosa,0.5
2018,PFTC3,March,ACJ,B,5,Fern,Lycopodiaceae,Lycopodium,clavatum,Lycopodium clavatum,7
2018,PFTC3,March,ACJ,B,5,Gramminoid,Poaceae,Agrostis,mertensii,Agrostis mertensii,0.5
2018,PFTC3,March,ACJ,B,5,Gramminoid,Poaceae,Calamagrostis,cf. amoena,Calamagrostis cf. amoena,1
2018,PFTC3,March,ACJ,B,5,Gramminoid,Poaceae,Calamagrostis,tarmensis,Calamagrostis tarmensis,65
2018,PFTC3,March,ACJ,B,5,Gramminoid,Poaceae,Festuca,dolichophylla,Festuca dolichophylla,0.5
2018,PFTC3,March,ACJ,B,5,Forb,Rosaceae,Lachemilla,cf vulcanica,Lachemilla cf vulcanica,0.5
2018,PFTC3,March,ACJ,B,5,Forb,Rubiaceae,Galium,corymbosum,Galium corymbosum,0.5
2018,PFTC3,March,ACJ,C,1,Forb,Asteraceae,Chaptalia,cordata,Chaptalia cordata,0.5
2018,PFTC3,March,ACJ,C,1,Woody,Asteraceae,Baccharis,genistelloides,Baccharis genistelloides,0.5
2018,PFTC3,March,ACJ,C,1,Woody,Asteraceae,Baccharis,tricuneata,Baccharis tricuneata,0.5
2018,PFTC3,March,ACJ,C,1,Gramminoid,Cyperaceae,Carex,pichinchensis,Carex pichinchensis,2
2018,PFTC3,March,ACJ,C,1,Gramminoid,Cyperaceae,Rhynchospora,macrochaeta,Rhynchospora macrochaeta,1
2018,PFTC3,March,ACJ,C,1,Fern,Dryopteridaceae,Elaphoglossum,amphioxys,Elaphoglossum amphioxys,1
2018,PFTC3,March,ACJ,C,1,Woody,Ericaceae,Gaultheria,glomerata,Gaultheria glomerata,3
2018,PFTC3,March,ACJ,C,1,Woody,Ericaceae,Gaultheria,vaccinioides,Gaultheria vaccinioides,0.5
2018,PFTC3,March,ACJ,C,1,Woody,Ericaceae,Pernettya,prostrata,Pernettya prostrata,2
2018,PFTC3,March,ACJ,C,1,Woody,Ericaceae,Vaccinium,floribundum,Vaccinium floribundum,3
2018,PFTC3,March,ACJ,C,1,Forb,Gentianaceae,Halenia,umbellata,Halenia umbellata,7
2018,PFTC3,March,ACJ,C,1,Woody,Hypericaceae,Hypericum,andinum,Hypericum andinum,0.5
2018,PFTC3,March,ACJ,C,1,Fern,Lycopodiaceae,Lycopodium,clavatum,Lycopodium clavatum,4
2018,PFTC3,March,ACJ,C,1,Woody,Melastomataceae,Miconia,rotundifolia,Miconia rotundifolia,0.5
2018,PFTC3,March,ACJ,C,1,Gramminoid,Poaceae,Agrostis,mertensii,Agrostis mertensii,3
2018,PFTC3,March,ACJ,C,1,Gramminoid,Poaceae,Calamagrostis,tarmensis,Calamagrostis tarmensis,55
2018,PFTC3,March,ACJ,C,1,Gramminoid,Poaceae,Cortaderia,hapalotricha,Cortaderia hapalotricha,2
2018,PFTC3,March,ACJ,C,1,Gramminoid,Poaceae,Festuca,dolichophylla,Festuca dolichophylla,4
2018,PFTC3,March,ACJ,C,1,Fern,Polypodiaceae,Melpomene,moniliformis,Melpomene moniliformis,0.5
2018,PFTC3,March,ACJ,C,1,Fern,Pteridaceae,Eriosorus,cheilanthoides,Eriosorus cheilanthoides,2
2018,PFTC3,March,ACJ,C,2,Forb,Asteraceae,Chaptalia,cordata,Chaptalia cordata,0.5
2018,PFTC3,March,ACJ,C,2,Forb,Asteraceae,Hieracium,cf. mandonii,Hieracium cf. mandonii,0.5
2018,PFTC3,March,ACJ,C,2,Gramminoid,Cyperaceae,Carex,sp8,Carex sp8,2
2018,PFTC3,March,ACJ,C,2,Gramminoid,Cyperaceae,Rhynchospora,macrochaeta,Rhynchospora macrochaeta,0.5
2018,PFTC3,March,ACJ,C,2,Fern,Dryopteridaceae,Elaphoglossum,amphioxys,Elaphoglossum amphioxys,0.5
2018,PFTC3,March,ACJ,C,2,Fern,Dryopteridaceae,Elaphoglossum,huacsaro,Elaphoglossum huacsaro,1
2018,PFTC3,March,ACJ,C,2,Woody,Ericaceae,Gaultheria,glomerata,Gaultheria glomerata,2
2018,PFTC3,March,ACJ,C,2,Woody,Ericaceae,Vaccinium,floribundum,Vaccinium floribundum,0.5
2018,PFTC3,March,ACJ,C,2,Woody,Melastomataceae,Miconia,rotundifolia,Miconia rotundifolia,0.5
2018,PFTC3,March,ACJ,C,2,Forb,Orchidaceae,Pterichis,sp1,Pterichis sp1,0.5
2018,PFTC3,March,ACJ,C,2,Gramminoid,Poaceae,Agrostis,mertensii,Agrostis mertensii,1
2018,PFTC3,March,ACJ,C,2,Gramminoid,Poaceae,Calamagrostis,tarmensis,Calamagrostis tarmensis,25
2018,PFTC3,March,ACJ,C,2,Gramminoid,Poaceae,Cortaderia,bifida,Cortaderia bifida,80
2018,PFTC3,March,ACJ,C,2,Fern,Polypodiaceae,Melpomene,moniliformis,Melpomene moniliformis,0.5
2018,PFTC3,March,ACJ,C,2,Fern,Pteridaceae,Eriosorus,cheilanthoides,Eriosorus cheilanthoides,0.5
2018,PFTC3,March,ACJ,C,3,Forb,Asteraceae,Chaptalia,cordata,Chaptalia cordata,2
2018,PFTC3,March,ACJ,C,3,Forb,Asteraceae,Hieracium,cf. mandonii,Hieracium cf. mandonii,0.5
2018,PFTC3,March,ACJ,C,3,Woody,Asteraceae,Baccharis,genistelloides,Baccharis genistelloides,0.5
2018,PFTC3,March,ACJ,C,3,Gramminoid,Cyperaceae,Carex,pichinchensis,Carex pichinchensis,2
2018,PFTC3,March,ACJ,C,3,Gramminoid,Cyperaceae,Rhynchospora,macrochaeta,Rhynchospora macrochaeta,0.5
2018,PFTC3,March,ACJ,C,3,Fern,Dryopteridaceae,Elaphoglossum,amphioxys,Elaphoglossum amphioxys,0.5
2018,PFTC3,March,ACJ,C,3,Fern,Dryopteridaceae,Elaphoglossum,huacsaro,Elaphoglossum huacsaro,0.5
2018,PFTC3,March,ACJ,C,3,Woody,Ericaceae,Gaultheria,glomerata,Gaultheria glomerata,2
2018,PFTC3,March,ACJ,C,3,Woody,Hypericaceae,Hypericum,andinum,Hypericum andinum,3
2018,PFTC3,March,ACJ,C,3,Fern,Lycopodiaceae,Lycopodium,clavatum,Lycopodium clavatum,3
2018,PFTC3,March,ACJ,C,3,Gramminoid,Poaceae,Agrostis,mertensii,Agrostis mertensii,3
2018,PFTC3,March,ACJ,C,3,Gramminoid,Poaceae,Bromus,lanatus,Bromus lanatus,0.5
2018,PFTC3,March,ACJ,C,3,Gramminoid,Poaceae,Calamagrostis,tarmensis,Calamagrostis tarmensis,38
2018,PFTC3,March,ACJ,C,3,Gramminoid,Poaceae,Cortaderia,bifida,Cortaderia bifida,3
2018,PFTC3,March,ACJ,C,3,Fern,Polypodiaceae,Melpomene,moniliformis,Melpomene moniliformis,0.5
2018,PFTC3,March,ACJ,C,3,Fern,Pteridaceae,Eriosorus,cheilanthoides,Eriosorus cheilanthoides,2
2018,PFTC3,March,ACJ,C,3,Forb,Rubiaceae,Galium,corymbosum,Galium corymbosum,0.5
2018,PFTC3,March,ACJ,C,4,Forb,Asteraceae,Chaptalia,cordata,Chaptalia cordata,0.5
2018,PFTC3,March,ACJ,C,4,Gramminoid,Cyperaceae,Carex,pichinchensis,Carex pichinchensis,0.5
2018,PFTC3,March,ACJ,C,4,Fern,Dryopteridaceae,Elaphoglossum,huacsaro,Elaphoglossum huacsaro,1
2018,PFTC3,March,ACJ,C,4,Woody,Ericaceae,Gaultheria,glomerata,Gaultheria glomerata,2
2018,PFTC3,March,ACJ,C,4,Woody,Ericaceae,Pernettya,prostrata,Pernettya prostrata,5
2018,PFTC3,March,ACJ,C,4,Woody,Ericaceae,Vaccinium,floribundum,Vaccinium floribundum,6
2018,PFTC3,March,ACJ,C,4,Woody,Hypericaceae,Hypericum,andinum,Hypericum andinum,0.5
2018,PFTC3,March,ACJ,C,4,Gramminoid,Poaceae,Calamagrostis,cf. amoena,Calamagrostis cf. amoena,25
2018,PFTC3,March,ACJ,C,4,Gramminoid,Poaceae,Calamagrostis,tarmensis,Calamagrostis tarmensis,10
2018,PFTC3,March,ACJ,C,4,Gramminoid,Poaceae,Festuca,dolichophylla,Festuca dolichophylla,3
2018,PFTC3,March,ACJ,C,4,Fern,Polypodiaceae,Melpomene,moniliformis,Melpomene moniliformis,0.5
2018,PFTC3,March,ACJ,C,4,Forb,Rosaceae,Lachemilla,orbiculata,Lachemilla orbiculata,3
2018,PFTC3,March,ACJ,C,5,Forb,Asteraceae,Chaptalia,cordata,Chaptalia cordata,1
2018,PFTC3,March,ACJ,C,5,Woody,Asteraceae,Baccharis,genistelloides,Baccharis genistelloides,0.5
2018,PFTC3,March,ACJ,C,5,Gramminoid,Cyperaceae,Carex,pichinchensis,Carex pichinchensis,0.5
2018,PFTC3,March,ACJ,C,5,Gramminoid,Cyperaceae,Rhynchospora,macrochaeta,Rhynchospora macrochaeta,1
2018,PFTC3,March,ACJ,C,5,Fern,Dryopteridaceae,Elaphoglossum,huacsaro,Elaphoglossum huacsaro,1
2018,PFTC3,March,ACJ,C,5,Woody,Ericaceae,Gaultheria,glomerata,Gaultheria glomerata,1
2018,PFTC3,March,ACJ,C,5,Woody,Ericaceae,Pernettya,prostrata,Pernettya prostrata,5
2018,PFTC3,March,ACJ,C,5,Forb,Euphobiaceae,Euphorbia,huanchahana,Euphorbia huanchahana,0.5
2018,PFTC3,March,ACJ,C,5,Forb,Gentianaceae,Halenia,umbellata,Halenia umbellata,4
2018,PFTC3,March,ACJ,C,5,Woody,Hypericaceae,Hypericum,andinum,Hypericum andinum,0.5
2018,PFTC3,March,ACJ,C,5,Fern,Lycopodiaceae,Lycopodium,clavatum,Lycopodium clavatum,0.5
2018,PFTC3,March,ACJ,C,5,Woody,Melastomataceae,Miconia,rotundifolia,Miconia rotundifolia,1
2018,PFTC3,March,ACJ,C,5,Gramminoid,Poaceae,Agrostis,mertensii,Agrostis mertensii,1
2018,PFTC3,March,ACJ,C,5,Gramminoid,Poaceae,Calamagrostis,tarmensis,Calamagrostis tarmensis,35
2018,PFTC3,March,ACJ,C,5,Gramminoid,Poaceae,Cortaderia,bifida,Cortaderia bifida,2
2018,PFTC3,March,ACJ,C,5,Gramminoid,Poaceae,Festuca,dolichophylla,Festuca dolichophylla,15
2018,PFTC3,March,ACJ,C,5,Fern,Pteridaceae,Eriosorus,cheilanthoides,Eriosorus cheilanthoides,0.5
2018,PFTC3,March,PIL,B,1,Forb,Asteraceae,Oritrophium,hieracioides,Oritrophium hieracioides,0.5
2018,PFTC3,March,PIL,B,1,Gramminoid,Cyperaceae,Carex,bonplandii,Carex bonplandii,0.5
2018,PFTC3,March,PIL,B,1,Gramminoid,Cyperaceae,Carex,pygmaea,Carex pygmaea,2
2018,PFTC3,March,PIL,B,1,Gramminoid,Cyperaceae,Oreobolus,goeppingeri,Oreobolus goeppingeri,1
2018,PFTC3,March,PIL,B,1,Gramminoid,Cyperaceae,Rhynchospora,macrochaeta,Rhynchospora macrochaeta,2
2018,PFTC3,March,PIL,B,1,Woody,Ericaceae,Gaultheria,glomerata,Gaultheria glomerata,1
2018,PFTC3,March,PIL,B,1,Forb,Gentianaceae,Gentiana,sedifolia,Gentiana sedifolia,0.5
2018,PFTC3,March,PIL,B,1,Woody,Hypericaceae,Hypericum,andinum,Hypericum andinum,0.5
2018,PFTC3,March,PIL,B,1,Fern,Lycopodiaceae,Lycopodium,clavatum,Lycopodium clavatum,6
2018,PFTC3,March,PIL,B,1,Gramminoid,Poaceae,Agrostis,mertensii,Agrostis mertensii,0.5
2018,PFTC3,March,PIL,B,1,Gramminoid,Poaceae,Calamagrostis,tarmensis,Calamagrostis tarmensis,60
2018,PFTC3,March,PIL,B,1,Gramminoid,Poaceae,Festuca,dolichophylla,Festuca dolichophylla,0.5
2018,PFTC3,March,PIL,B,1,Gramminoid,Poaceae,Paspalum,bonplandianum,Paspalum bonplandianum,5
2018,PFTC3,March,PIL,B,1,Moss,Polytrichaceae,Polytrichum,sp1,Polytrichum sp1,3
2018,PFTC3,March,PIL,B,1,Forb,Rosaceae,Lachemilla,jamesonii,Lachemilla jamesonii,0.5
2018,PFTC3,March,PIL,B,1,Forb,Rubiaceae,Galium,corymbosum,Galium corymbosum,0.5
2018,PFTC3,March,PIL,B,2,Gramminoid,Cyperaceae,Carex,bonplandii,Carex bonplandii,1
2018,PFTC3,March,PIL,B,2,Gramminoid,Cyperaceae,Carex,pichinchensis,Carex pichinchensis,3
2018,PFTC3,March,PIL,B,2,Gramminoid,Cyperaceae,Carex,pygmaea,Carex pygmaea,0.5
2018,PFTC3,March,PIL,B,2,Gramminoid,Cyperaceae,Rhynchospora,macrochaeta,Rhynchospora macrochaeta,1
2018,PFTC3,March,PIL,B,2,Woody,Ericaceae,Gaultheria,glomerata,Gaultheria glomerata,1
2018,PFTC3,March,PIL,B,2,Woody,Ericaceae,Vaccinium,floribundum,Vaccinium floribundum,0.5
2018,PFTC3,March,PIL,B,2,Forb,Gentianaceae,Gentiana,sedifolia,Gentiana sedifolia,0.5
2018,PFTC3,March,PIL,B,2,Woody,Hypericaceae,Hypericum,andinum,Hypericum andinum,0.5
2018,PFTC3,March,PIL,B,2,Gramminoid,Poaceae,Agrostis,mertensii,Agrostis mertensii,0.5
2018,PFTC3,March,PIL,B,2,Gramminoid,Poaceae,Calamagrostis,tarmensis,Calamagrostis tarmensis,65
2018,PFTC3,March,PIL,B,2,Gramminoid,Poaceae,Festuca,dolichophylla,Festuca dolichophylla,0.5
2018,PFTC3,March,PIL,B,2,Gramminoid,Poaceae,Paspalum,bonplandianum,Paspalum bonplandianum,2
2018,PFTC3,March,PIL,B,2,Forb,Rubiaceae,Galium,corymbosum,Galium corymbosum,0.5
2018,PFTC3,March,PIL,B,3,Gramminoid,Cyperaceae,Carex,pichinchensis,Carex pichinchensis,2
2018,PFTC3,March,PIL,B,3,Gramminoid,Cyperaceae,Carex,pygmaea,Carex pygmaea,0.5
2018,PFTC3,March,PIL,B,3,Gramminoid,Cyperaceae,Rhynchospora,macrochaeta,Rhynchospora macrochaeta,12
2018,PFTC3,March,PIL,B,3,Woody,Ericaceae,Gaultheria,glomerata,Gaultheria glomerata,0.5
2018,PFTC3,March,PIL,B,3,Woody,Ericaceae,Vaccinium,floribundum,Vaccinium floribundum,0.5
2018,PFTC3,March,PIL,B,3,Forb,Gentianaceae,Gentiana,sedifolia,Gentiana sedifolia,0.5
2018,PFTC3,March,PIL,B,3,Woody,Hypericaceae,Hypericum,andinum,Hypericum andinum,0.5
2018,PFTC3,March,PIL,B,3,Gramminoid,Poaceae,Agrostis,mertensii,Agrostis mertensii,1
2018,PFTC3,March,PIL,B,3,Gramminoid,Poaceae,Calamagrostis,tarmensis,Calamagrostis tarmensis,60
2018,PFTC3,March,PIL,B,3,Gramminoid,Poaceae,Festuca,dolichophylla,Festuca dolichophylla,0.5
2018,PFTC3,March,PIL,B,3,Gramminoid,Poaceae,Paspalum,bonplandianum,Paspalum bonplandianum,6
2018,PFTC3,March,PIL,B,3,Moss,Polytrichaceae,Polytrichum,sp1,Polytrichum sp1,0.5
2018,PFTC3,March,PIL,B,3,Fern,Pteridaceae,Eriosorus,cheilanthoides,Eriosorus cheilanthoides,0.5
2018,PFTC3,March,PIL,B,3,Forb,Rubiaceae,Galium,corymbosum,Galium corymbosum,0.5
2018,PFTC3,March,PIL,B,4,Forb,Asteraceae,Hypochaeris,taraxacoides,Hypochaeris taraxacoides,1
2018,PFTC3,March,PIL,B,4,Forb,Asteraceae,Oritrophium,hieracioides,Oritrophium hieracioides,0.5
2018,PFTC3,March,PIL,B,4,Gramminoid,Cyperaceae,Carex,pichinchensis,Carex pichinchensis,2
2018,PFTC3,March,PIL,B,4,Gramminoid,Cyperaceae,Carex,pygmaea,Carex pygmaea,2
2018,PFTC3,March,PIL,B,4,Gramminoid,Cyperaceae,Rhynchospora,macrochaeta,Rhynchospora macrochaeta,16
2018,PFTC3,March,PIL,B,4,Woody,Ericaceae,Gaultheria,glomerata,Gaultheria glomerata,1
2018,PFTC3,March,PIL,B,4,Woody,Ericaceae,Pernettya,prostrata,Pernettya prostrata,0.5
2018,PFTC3,March,PIL,B,4,Woody,Hypericaceae,Hypericum,andinum,Hypericum andinum,0.5
2018,PFTC3,March,PIL,B,4,Gramminoid,Juncaceae,Luzula,racemosa,Luzula racemosa,1
2018,PFTC3,March,PIL,B,4,Fern,Lycopodiaceae,Huperzia,weberbaueri,Huperzia weberbaueri,0.5
2018,PFTC3,March,PIL,B,4,Gramminoid,Poaceae,Calamagrostis,tarmensis,Calamagrostis tarmensis,55
2018,PFTC3,March,PIL,B,4,Gramminoid,Poaceae,Festuca,dolichophylla,Festuca dolichophylla,1
2018,PFTC3,March,PIL,B,4,Fern,Pteridaceae,Eriosorus,cheilanthoides,Eriosorus cheilanthoides,2
2018,PFTC3,March,PIL,B,4,Forb,Rosaceae,Lachemilla,cf vulcanica,Lachemilla cf vulcanica,0.5
2018,PFTC3,March,PIL,B,4,Forb,Rubiaceae,Galium,corymbosum,Galium corymbosum,0.5
2018,PFTC3,March,PIL,B,4,Forb,Rubiaceae,Nertera,granadensis,Nertera granadensis,0.5
2018,PFTC3,March,PIL,B,4,Forb,Violaceae,Viola,pygmaea,Viola pygmaea,0.5
2018,PFTC3,March,PIL,B,5,Forb,Apiaceae,Azorella,biloba,Azorella biloba,0.5
2018,PFTC3,March,PIL,B,5,Gramminoid,Cyperaceae,Carex,pichinchensis,Carex pichinchensis,5
2018,PFTC3,March,PIL,B,5,Gramminoid,Cyperaceae,Carex,pygmaea,Carex pygmaea,3
2018,PFTC3,March,PIL,B,5,Gramminoid,Cyperaceae,Oreobolus,goeppingeri,Oreobolus goeppingeri,0.5
2018,PFTC3,March,PIL,B,5,Gramminoid,Cyperaceae,Rhynchospora,macrochaeta,Rhynchospora macrochaeta,6
2018,PFTC3,March,PIL,B,5,Woody,Ericaceae,Gaultheria,glomerata,Gaultheria glomerata,0.5
2018,PFTC3,March,PIL,B,5,Woody,Hypericaceae,Hypericum,andinum,Hypericum andinum,1
2018,PFTC3,March,PIL,B,5,Fern,Lycopodiaceae,Lycopodium,clavatum,Lycopodium clavatum,0.5
2018,PFTC3,March,PIL,B,5,Gramminoid,Poaceae,Agrostis,mertensii,Agrostis mertensii,4
2018,PFTC3,March,PIL,B,5,Gramminoid,Poaceae,Calamagrostis,tarmensis,Calamagrostis tarmensis,55
2018,PFTC3,March,PIL,B,5,Gramminoid,Poaceae,Festuca,procera,Festuca procera,12
2018,PFTC3,March,PIL,B,5,Forb,Rosaceae,Lachemilla,cf vulcanica,Lachemilla cf vulcanica,0.5
2018,PFTC3,March,PIL,BB,1,Forb,Asteraceae,Hieracium,cf. mandonii,Hieracium cf. mandonii,0.5
2018,PFTC3,March,PIL,BB,1,Gramminoid,Cyperaceae,Carex,pygmaea,Carex pygmaea,6
2018,PFTC3,March,PIL,BB,1,Gramminoid,Cyperaceae,Rhynchospora,macrochaeta,Rhynchospora macrochaeta,9.5
2018,PFTC3,March,PIL,BB,1,Woody,Ericaceae,Gaultheria,glomerata,Gaultheria glomerata,1
2018,PFTC3,March,PIL,BB,1,Woody,Ericaceae,Vaccinium,floribundum,Vaccinium floribundum,0.5
2018,PFTC3,March,PIL,BB,1,Woody,Hypericaceae,Hypericum,andinum,Hypericum andinum,0.5
2018,PFTC3,March,PIL,BB,1,Fern,Lycopodiaceae,Lycopodium,clavatum,Lycopodium clavatum,2
2018,PFTC3,March,PIL,BB,1,Woody,Melastomataceae,Miconia,rotundifolia,Miconia rotundifolia,0.5
2018,PFTC3,March,PIL,BB,1,Gramminoid,Poaceae,Agrostis,breviculmis,Agrostis breviculmis,2
2018,PFTC3,March,PIL,BB,1,Gramminoid,Poaceae,Agrostis,mertensii,Agrostis mertensii,6
2018,PFTC3,March,PIL,BB,1,Gramminoid,Poaceae,Calamagrostis,tarmensis,Calamagrostis tarmensis,50
2018,PFTC3,March,PIL,BB,1,Gramminoid,Poaceae,Festuca,dolichophylla,Festuca dolichophylla,0.5
2018,PFTC3,March,PIL,BB,1,Gramminoid,Poaceae,Festuca,procera,Festuca procera,6
2018,PFTC3,March,PIL,BB,1,Gramminoid,Poaceae,Paspalum,bonplandianum,Paspalum bonplandianum,0.5
2018,PFTC3,March,PIL,BB,1,Woody,Polygonaceae,Muehlenbeckia,volcanica,Muehlenbeckia volcanica,0.5
2018,PFTC3,March,PIL,BB,1,Forb,Rubiaceae,Galium,corymbosum,Galium corymbosum,0.5
2018,PFTC3,March,PIL,BB,1,Forb,Rubiaceae,Nertera,granadensis,Nertera granadensis,0.5
2018,PFTC3,March,PIL,BB,1,Forb,NA,indet,indet,indet,0.5
2018,PFTC3,March,PIL,BB,1,Moss,NA,moss,unknown,moss unknown,0.5
2018,PFTC3,March,PIL,BB,2,Gramminoid,Cyperaceae,Carex,pygmaea,Carex pygmaea,0.5
2018,PFTC3,March,PIL,BB,2,Gramminoid,Cyperaceae,Oreobolus,goeppingeri,Oreobolus goeppingeri,2
2018,PFTC3,March,PIL,BB,2,Gramminoid,Cyperaceae,Rhynchospora,macrochaeta,Rhynchospora macrochaeta,0.5
2018,PFTC3,March,PIL,BB,2,Woody,Ericaceae,Gaultheria,glomerata,Gaultheria glomerata,1
2018,PFTC3,March,PIL,BB,2,Woody,Hypericaceae,Hypericum,andinum,Hypericum andinum,2
2018,PFTC3,March,PIL,BB,2,Fern,Lycopodiaceae,Lycopodium,clavatum,Lycopodium clavatum,3
2018,PFTC3,March,PIL,BB,2,Gramminoid,Poaceae,Agrostis,mertensii,Agrostis mertensii,2
2018,PFTC3,March,PIL,BB,2,Gramminoid,Poaceae,Calamagrostis,tarmensis,Calamagrostis tarmensis,66
2018,PFTC3,March,PIL,BB,2,Gramminoid,Poaceae,Festuca,procera,Festuca procera,0.5
2018,PFTC3,March,PIL,BB,2,Gramminoid,Poaceae,Paspalum,bonplandianum,Paspalum bonplandianum,9
2018,PFTC3,March,PIL,BB,2,Fern,Pteridaceae,Eriosorus,cheilanthoides,Eriosorus cheilanthoides,0.5
2018,PFTC3,March,PIL,BB,2,Forb,Rubiaceae,Nertera,granadensis,Nertera granadensis,0.5
2018,PFTC3,March,PIL,BB,3,Woody,Asteraceae,Baccharis,tricuneata,Baccharis tricuneata,0.5
2018,PFTC3,March,PIL,BB,3,Gramminoid,Cyperaceae,Carex,pygmaea,Carex pygmaea,0.5
2018,PFTC3,March,PIL,BB,3,Gramminoid,Cyperaceae,Rhynchospora,macrochaeta,Rhynchospora macrochaeta,6
2018,PFTC3,March,PIL,BB,3,Woody,Ericaceae,Pernettya,prostrata,Pernettya prostrata,0.5
2018,PFTC3,March,PIL,BB,3,Woody,Hypericaceae,Hypericum,andinum,Hypericum andinum,0.5
2018,PFTC3,March,PIL,BB,3,Gramminoid,Poaceae,Agrostis,mertensii,Agrostis mertensii,6
2018,PFTC3,March,PIL,BB,3,Gramminoid,Poaceae,Calamagrostis,tarmensis,Calamagrostis tarmensis,75
2018,PFTC3,March,PIL,BB,3,Gramminoid,Poaceae,Festuca,procera,Festuca procera,10
2018,PFTC3,March,PIL,BB,3,Fern,Pteridaceae,Eriosorus,cheilanthoides,Eriosorus cheilanthoides,0.5
2018,PFTC3,March,PIL,BB,3,Forb,Rosaceae,Lachemilla,cf vulcanica,Lachemilla cf vulcanica,0.5
2018,PFTC3,March,PIL,BB,3,Forb,Rubiaceae,Nertera,granadensis,Nertera granadensis,0.5
2018,PFTC3,March,PIL,C,1,Forb,Asteraceae,Hieracium,cf. mandonii,Hieracium cf. mandonii,0.5
2018,PFTC3,March,PIL,C,1,Woody,Asteraceae,Baccharis,genistelloides,Baccharis genistelloides,0.5
2018,PFTC3,March,PIL,C,1,Woody,Asteraceae,Baccharis,tricuneata,Baccharis tricuneata,0.5
2018,PFTC3,March,PIL,C,1,Gramminoid,Cyperaceae,Carex,bonplandii,Carex bonplandii,0.5
2018,PFTC3,March,PIL,C,1,Gramminoid,Cyperaceae,Rhynchospora,macrochaeta,Rhynchospora macrochaeta,0.5
2018,PFTC3,March,PIL,C,1,Fern,Dryopteridaceae,Elaphoglossum,engelii,Elaphoglossum engelii,0.5
2018,PFTC3,March,PIL,C,1,Woody,Ericaceae,Gaultheria,glomerata,Gaultheria glomerata,0.5
2018,PFTC3,March,PIL,C,1,Woody,Hypericaceae,Hypericum,andinum,Hypericum andinum,1
2018,PFTC3,March,PIL,C,1,Gramminoid,Juncaceae,Luzula,racemosa,Luzula racemosa,1
2018,PFTC3,March,PIL,C,1,Gramminoid,Poaceae,Agrostis,mertensii,Agrostis mertensii,1
2018,PFTC3,March,PIL,C,1,Gramminoid,Poaceae,Calamagrostis,tarmensis,Calamagrostis tarmensis,75
2018,PFTC3,March,PIL,C,1,Gramminoid,Poaceae,Festuca,procera,Festuca procera,0.5
2018,PFTC3,March,PIL,C,1,Gramminoid,Poaceae,Paspalum,bonplandianum,Paspalum bonplandianum,15
2018,PFTC3,March,PIL,C,1,Forb,Rubiaceae,Galium,corymbosum,Galium corymbosum,0.5
2018,PFTC3,March,PIL,C,2,Forb,Asteraceae,Hieracium,cf. mandonii,Hieracium cf. mandonii,0.5
2018,PFTC3,March,PIL,C,2,Forb,Asteraceae,Oritrophium,hieracioides,Oritrophium hieracioides,0.5
2018,PFTC3,March,PIL,C,2,Forb,Asteraceae,Perezia,pungens,Perezia pungens,0.5
2018,PFTC3,March,PIL,C,2,Woody,Asteraceae,Baccharis,genistelloides,Baccharis genistelloides,0.5
2018,PFTC3,March,PIL,C,2,Gramminoid,Cyperaceae,Carex,bonplandii,Carex bonplandii,0.5
2018,PFTC3,March,PIL,C,2,Gramminoid,Cyperaceae,Rhynchospora,macrochaeta,Rhynchospora macrochaeta,0.5
2018,PFTC3,March,PIL,C,2,Fern,Dryopteridaceae,Elaphoglossum,engelii,Elaphoglossum engelii,1
2018,PFTC3,March,PIL,C,2,Woody,Ericaceae,Gaultheria,glomerata,Gaultheria glomerata,0.5
2018,PFTC3,March,PIL,C,2,Woody,Ericaceae,Vaccinium,floribundum,Vaccinium floribundum,0.5
2018,PFTC3,March,PIL,C,2,Forb,Gentianaceae,Halenia,umbellata,Halenia umbellata,0.5
2018,PFTC3,March,PIL,C,2,Woody,Hypericaceae,Hypericum,andinum,Hypericum andinum,0.5
2018,PFTC3,March,PIL,C,2,Forb,Orchidaceae,Cyrtochilum,mystacinum,Cyrtochilum mystacinum,0.5
2018,PFTC3,March,PIL,C,2,Gramminoid,Poaceae,Agrostis,mertensii,Agrostis mertensii,1
2018,PFTC3,March,PIL,C,2,Gramminoid,Poaceae,Bromus,lanatus,Bromus lanatus,0.5
2018,PFTC3,March,PIL,C,2,Gramminoid,Poaceae,Calamagrostis,tarmensis,Calamagrostis tarmensis,60
2018,PFTC3,March,PIL,C,2,Gramminoid,Poaceae,Festuca,dolichophylla,Festuca dolichophylla,0.5
2018,PFTC3,March,PIL,C,2,Gramminoid,Poaceae,Paspalum,bonplandianum,Paspalum bonplandianum,1
2018,PFTC3,March,PIL,C,2,Forb,Rubiaceae,Galium,corymbosum,Galium corymbosum,0.5
2018,PFTC3,March,PIL,C,3,Forb,Asteraceae,Hieracium,cf. mandonii,Hieracium cf. mandonii,0.5
2018,PFTC3,March,PIL,C,3,Woody,Asteraceae,Baccharis,genistelloides,Baccharis genistelloides,0.5
2018,PFTC3,March,PIL,C,3,Woody,Asteraceae,Baccharis,tricuneata,Baccharis tricuneata,1
2018,PFTC3,March,PIL,C,3,Gramminoid,Cyperaceae,Carex,bonplandii,Carex bonplandii,6
2018,PFTC3,March,PIL,C,3,Gramminoid,Cyperaceae,Carex,pichinchensis,Carex pichinchensis,1
2018,PFTC3,March,PIL,C,3,Gramminoid,Cyperaceae,Carex,pygmaea,Carex pygmaea,0.5
2018,PFTC3,March,PIL,C,3,Gramminoid,Cyperaceae,Rhynchospora,macrochaeta,Rhynchospora macrochaeta,0.5
2018,PFTC3,March,PIL,C,3,Woody,Ericaceae,Gaultheria,glomerata,Gaultheria glomerata,2
2018,PFTC3,March,PIL,C,3,Woody,Ericaceae,Pernettya,prostrata,Pernettya prostrata,0.5
2018,PFTC3,March,PIL,C,3,Forb,Gentianaceae,Gentiana,sedifolia,Gentiana sedifolia,0.5
2018,PFTC3,March,PIL,C,3,Forb,Gentianaceae,Halenia,umbellata,Halenia umbellata,2
2018,PFTC3,March,PIL,C,3,Woody,Hypericaceae,Hypericum,andinum,Hypericum andinum,1
2018,PFTC3,March,PIL,C,3,Gramminoid,Poaceae,Agrostis,mertensii,Agrostis mertensii,1
2018,PFTC3,March,PIL,C,3,Gramminoid,Poaceae,Calamagrostis,tarmensis,Calamagrostis tarmensis,63
2018,PFTC3,March,PIL,C,3,Gramminoid,Poaceae,Festuca,dolichophylla,Festuca dolichophylla,3
2018,PFTC3,March,PIL,C,3,Gramminoid,Poaceae,Paspalum,bonplandianum,Paspalum bonplandianum,6
2018,PFTC3,March,PIL,C,3,Woody,Polygonaceae,Muehlenbeckia,volcanica,Muehlenbeckia volcanica,0.5
2018,PFTC3,March,PIL,C,4,Forb,Apiaceae,Azorella,biloba,Azorella biloba,0.5
2018,PFTC3,March,PIL,C,4,Forb,Asteraceae,Bidens,triplinervia,Bidens triplinervia,0.5
2018,PFTC3,March,PIL,C,4,Forb,Asteraceae,Perezia,pungens,Perezia pungens,0.5
2018,PFTC3,March,PIL,C,4,Gramminoid,Cyperaceae,Carex,bonplandii,Carex bonplandii,0.5
2018,PFTC3,March,PIL,C,4,Gramminoid,Cyperaceae,Carex,pichinchensis,Carex pichinchensis,1
2018,PFTC3,March,PIL,C,4,Gramminoid,Cyperaceae,Carex,pygmaea,Carex pygmaea,0.5
2018,PFTC3,March,PIL,C,4,Gramminoid,Cyperaceae,Rhynchospora,macrochaeta,Rhynchospora macrochaeta,0.5
2018,PFTC3,March,PIL,C,4,Fern,Dryopteridaceae,Elaphoglossum,engelii,Elaphoglossum engelii,1
2018,PFTC3,March,PIL,C,4,Fern,Dryopteridaceae,Elaphoglossum,huacsaro,Elaphoglossum huacsaro,1
2018,PFTC3,March,PIL,C,4,Woody,Ericaceae,Gaultheria,glomerata,Gaultheria glomerata,2
2018,PFTC3,March,PIL,C,4,Woody,Ericaceae,Vaccinium,floribundum,Vaccinium floribundum,3
2018,PFTC3,March,PIL,C,4,Forb,Gentianaceae,Halenia,umbellata,Halenia umbellata,1
2018,PFTC3,March,PIL,C,4,Woody,Hypericaceae,Hypericum,andinum,Hypericum andinum,1
2018,PFTC3,March,PIL,C,4,Gramminoid,Juncaceae,Luzula,racemosa,Luzula racemosa,0.5
2018,PFTC3,March,PIL,C,4,Forb,Orchidaceae,Gomphichis,valida,Gomphichis valida,0.5
2018,PFTC3,March,PIL,C,4,Gramminoid,Poaceae,Bromus,lanatus,Bromus lanatus,0.5
2018,PFTC3,March,PIL,C,4,Gramminoid,Poaceae,Calamagrostis,tarmensis,Calamagrostis tarmensis,45
2018,PFTC3,March,PIL,C,4,Gramminoid,Poaceae,Festuca,dolichophylla,Festuca dolichophylla,9
2018,PFTC3,March,PIL,C,4,Gramminoid,Poaceae,Paspalum,bonplandianum,Paspalum bonplandianum,6
2018,PFTC3,March,PIL,C,4,Moss,Polytrichaceae,Polytrichum,sp1,Polytrichum sp1,0.5
2018,PFTC3,March,PIL,C,4,Fern,Pteridaceae,Eriosorus,cheilanthoides,Eriosorus cheilanthoides,1
2018,PFTC3,March,PIL,C,4,Forb,Rubiaceae,Galium,corymbosum,Galium corymbosum,0.5
2018,PFTC3,March,PIL,C,4,Forb,Violaceae,Viola,pygmaea,Viola pygmaea,0.5
2018,PFTC3,March,PIL,C,5,Forb,Asteraceae,Gamochaeta,coarctata,Gamochaeta coarctata,0.5
2018,PFTC3,March,PIL,C,5,Forb,Asteraceae,Hieracium,cf. mandonii,Hieracium cf. mandonii,0.5
2018,PFTC3,March,PIL,C,5,Gramminoid,Cyperaceae,Carex,bonplandii,Carex bonplandii,2
2018,PFTC3,March,PIL,C,5,Gramminoid,Cyperaceae,Carex,pichinchensis,Carex pichinchensis,1
2018,PFTC3,March,PIL,C,5,Gramminoid,Cyperaceae,Carex,pygmaea,Carex pygmaea,0.5
2018,PFTC3,March,PIL,C,5,Gramminoid,Cyperaceae,Rhynchospora,macrochaeta,Rhynchospora macrochaeta,3
2018,PFTC3,March,PIL,C,5,Fern,Dryopteridaceae,Elaphoglossum,huacsaro,Elaphoglossum huacsaro,0.5
2018,PFTC3,March,PIL,C,5,Woody,Ericaceae,Gaultheria,glomerata,Gaultheria glomerata,0.5
2018,PFTC3,March,PIL,C,5,Forb,Gentianaceae,Halenia,umbellata,Halenia umbellata,0.5
2018,PFTC3,March,PIL,C,5,Woody,Hypericaceae,Hypericum,andinum,Hypericum andinum,1
2018,PFTC3,March,PIL,C,5,Gramminoid,Juncaceae,Luzula,racemosa,Luzula racemosa,1
2018,PFTC3,March,PIL,C,5,Fern,Lycopodiaceae,Lycopodium,clavatum,Lycopodium clavatum,5
2018,PFTC3,March,PIL,C,5,Gramminoid,Poaceae,Agrostis,mertensii,Agrostis mertensii,3
2018,PFTC3,March,PIL,C,5,Gramminoid,Poaceae,Calamagrostis,tarmensis,Calamagrostis tarmensis,75
2018,PFTC3,March,PIL,C,5,Gramminoid,Poaceae,Festuca,dolichophylla,Festuca dolichophylla,2
2018,PFTC3,March,PIL,C,5,Gramminoid,Poaceae,Paspalum,bonplandianum,Paspalum bonplandianum,2
2018,PFTC3,March,PIL,C,5,Forb,Rosaceae,Lachemilla,cf vulcanica,Lachemilla cf vulcanica,0.5
2018,PFTC3,March,QUE,B,1,Forb,Apiaceae,Oreomyrrhis,andicola,Oreomyrrhis andicola,0.5
2018,PFTC3,March,QUE,B,1,Forb,Asteraceae,Antennaria,linearifolia,Antennaria linearifolia,1
2018,PFTC3,March,QUE,B,1,Forb,Asteraceae,Aphanactis,villosa,Aphanactis villosa,0.5
2018,PFTC3,March,QUE,B,1,Forb,Asteraceae,Chaptalia,cordata,Chaptalia cordata,0.5
2018,PFTC3,March,QUE,B,1,Forb,Asteraceae,Gamochaeta,coarctata,Gamochaeta coarctata,0.5
2018,PFTC3,March,QUE,B,1,Forb,Asteraceae,Hieracium,cf. mandonii,Hieracium cf. mandonii,0.5
2018,PFTC3,March,QUE,B,1,Forb,Asteraceae,Hypochaeris,taraxacoides,Hypochaeris taraxacoides,0.5
2018,PFTC3,March,QUE,B,1,Forb,Asteraceae,Perezia,pungens,Perezia pungens,0.5
2018,PFTC3,March,QUE,B,1,Forb,Asteraceae,Werneria,nubigena,Werneria nubigena,0.5
2018,PFTC3,March,QUE,B,1,Forb,Asteraceae,Werneria,villosa,Werneria villosa,0.5
2018,PFTC3,March,QUE,B,1,Woody,Asteraceae,Baccharis,caespitosa,Baccharis caespitosa,0.5
2018,PFTC3,March,QUE,B,1,Forb,Caryophyllaceae,Cerastium,arvense,Cerastium arvense,0.5
2018,PFTC3,March,QUE,B,1,Gramminoid,Cyperaceae,Carex,boliviensis,Carex boliviensis,0.5
2018,PFTC3,March,QUE,B,1,Gramminoid,Cyperaceae,Carex,pichinchensis,Carex pichinchensis,2
2018,PFTC3,March,QUE,B,1,Woody,Ericaceae,Pernettya,prostrata,Pernettya prostrata,3
2018,PFTC3,March,QUE,B,1,Forb,Geraniaceae,Geranium,sessiliflorum,Geranium sessiliflorum,0.5
2018,PFTC3,March,QUE,B,1,Woody,Hypericaceae,Hypericum,andinum,Hypericum andinum,10
2018,PFTC3,March,QUE,B,1,Gramminoid,Juncaceae,Luzula,racemosa,Luzula racemosa,0.5
2018,PFTC3,March,QUE,B,1,Forb,Oxalidaceae,Oxalis,oreocharis,Oxalis oreocharis,0.5
2018,PFTC3,March,QUE,B,1,Gramminoid,Poaceae,Agrostis,breviculmis,Agrostis breviculmis,8
2018,PFTC3,March,QUE,B,1,Gramminoid,Poaceae,Agrostis,foliata,Agrostis foliata,1
2018,PFTC3,March,QUE,B,1,Gramminoid,Poaceae,Agrostis,haenkeana,Agrostis haenkeana,1
2018,PFTC3,March,QUE,B,1,Gramminoid,Poaceae,Agrostis,mertensii,Agrostis mertensii,2
2018,PFTC3,March,QUE,B,1,Gramminoid,Poaceae,Agrostis,trichodes,Agrostis trichodes,1
2018,PFTC3,March,QUE,B,1,Gramminoid,Poaceae,Anatherostipa,hans-meyeri,Anatherostipa hans-meyeri,40
2018,PFTC3,March,QUE,B,1,Gramminoid,Poaceae,Bromus,lanatus,Bromus lanatus,0.5
2018,PFTC3,March,QUE,B,1,Gramminoid,Poaceae,Paspalum,bonplandianum,Paspalum bonplandianum,8
2018,PFTC3,March,QUE,B,1,Moss,Polytrichaceae,Polytrichum,sp1,Polytrichum sp1,0.5
2018,PFTC3,March,QUE,B,1,Forb,Rubiaceae,Galium,corymbosum,Galium corymbosum,0.5
2018,PFTC3,March,QUE,B,1,Forb,Violaceae,Viola,pygmaea,Viola pygmaea,0.5
2018,PFTC3,March,QUE,B,2,Forb,Asteraceae,Antennaria,linearifolia,Antennaria linearifolia,0.5
2018,PFTC3,March,QUE,B,2,Forb,Asteraceae,Aphanactis,villosa,Aphanactis villosa,2
2018,PFTC3,March,QUE,B,2,Forb,Asteraceae,Gamochaeta,coarctata,Gamochaeta coarctata,0.5
2018,PFTC3,March,QUE,B,2,Forb,Asteraceae,Hypochaeris,taraxacoides,Hypochaeris taraxacoides,2
2018,PFTC3,March,QUE,B,2,Forb,Asteraceae,Oritrophium,hieracioides,Oritrophium hieracioides,0.5
2018,PFTC3,March,QUE,B,2,Forb,Asteraceae,Perezia,pungens,Perezia pungens,0.5
2018,PFTC3,March,QUE,B,2,Forb,Asteraceae,Werneria,villosa,Werneria villosa,1
2018,PFTC3,March,QUE,B,2,Woody,Asteraceae,Baccharis,caespitosa,Baccharis caespitosa,1
2018,PFTC3,March,QUE,B,2,Forb,Caprifoliaceae,Belonanthus,hispidus,Belonanthus hispidus,0.5
2018,PFTC3,March,QUE,B,2,Gramminoid,Cyperaceae,Carex,boliviensis,Carex boliviensis,0.5
2018,PFTC3,March,QUE,B,2,Gramminoid,Cyperaceae,Carex,pichinchensis,Carex pichinchensis,3
2018,PFTC3,March,QUE,B,2,Woody,Ericaceae,Gaultheria,glomerata,Gaultheria glomerata,0.5
2018,PFTC3,March,QUE,B,2,Woody,Ericaceae,Pernettya,prostrata,Pernettya prostrata,2
2018,PFTC3,March,QUE,B,2,Forb,Gentianaceae,Gentiana,sedifolia,Gentiana sedifolia,0.5
2018,PFTC3,March,QUE,B,2,Forb,Geraniaceae,Geranium,sessiliflorum,Geranium sessiliflorum,0.5
2018,PFTC3,March,QUE,B,2,Woody,Hypericaceae,Hypericum,andinum,Hypericum andinum,0.5
2018,PFTC3,March,QUE,B,2,Gramminoid,Juncaceae,Luzula,racemosa,Luzula racemosa,1
2018,PFTC3,March,QUE,B,2,Forb,Orchidaceae,Pterichis,sp1,Pterichis sp1,0.5
2018,PFTC3,March,QUE,B,2,Forb,Oxalidaceae,Oxalis,oreocharis,Oxalis oreocharis,0.5
2018,PFTC3,March,QUE,B,2,Gramminoid,Poaceae,Agrostis,haenkeana,Agrostis haenkeana,5
2018,PFTC3,March,QUE,B,2,Gramminoid,Poaceae,Agrostis,mertensii,Agrostis mertensii,5
2018,PFTC3,March,QUE,B,2,Gramminoid,Poaceae,Agrostis,trichodes,Agrostis trichodes,4
2018,PFTC3,March,QUE,B,2,Gramminoid,Poaceae,Anatherostipa,hans-meyeri,Anatherostipa hans-meyeri,25
2018,PFTC3,March,QUE,B,2,Gramminoid,Poaceae,Bromus,lanatus,Bromus lanatus,1
2018,PFTC3,March,QUE,B,2,Gramminoid,Poaceae,Calamagrostis,tarmensis,Calamagrostis tarmensis,20
2018,PFTC3,March,QUE,B,2,Gramminoid,Poaceae,Festuca,sp4,Festuca sp4,5
2018,PFTC3,March,QUE,B,2,Gramminoid,Poaceae,Poa,spicigera,Poa spicigera,0.5
2018,PFTC3,March,QUE,B,2,Moss,Polytrichaceae,Polytrichum,sp1,Polytrichum sp1,2
2018,PFTC3,March,QUE,B,2,Moss,Polytrichaceae,Polytrichum,sp2,Polytrichum sp2,0.5
2018,PFTC3,March,QUE,B,2,Forb,Violaceae,Viola,pygmaea,Viola pygmaea,0.5
2018,PFTC3,March,QUE,B,3,Forb,Asteraceae,Antennaria,linearifolia,Antennaria linearifolia,1
2018,PFTC3,March,QUE,B,3,Forb,Asteraceae,Aphanactis,villosa,Aphanactis villosa,0.5
2018,PFTC3,March,QUE,B,3,Forb,Asteraceae,Gamochaeta,coarctata,Gamochaeta coarctata,0.5
2018,PFTC3,March,QUE,B,3,Forb,Asteraceae,Oreithales,integrifolia,Oreithales integrifolia,0.5
2018,PFTC3,March,QUE,B,3,Forb,Asteraceae,Werneria,nubigena,Werneria nubigena,4
2018,PFTC3,March,QUE,B,3,Woody,Asteraceae,Baccharis,caespitosa,Baccharis caespitosa,0.5
2018,PFTC3,March,QUE,B,3,Forb,Campanulaceae,Lysipomia,glandulifera,Lysipomia glandulifera,0.5
2018,PFTC3,March,QUE,B,3,Forb,Caprifoliaceae,Belonanthus,hispidus,Belonanthus hispidus,0.5
2018,PFTC3,March,QUE,B,3,Gramminoid,Cyperaceae,Carex,boliviensis,Carex boliviensis,1
2018,PFTC3,March,QUE,B,3,Gramminoid,Cyperaceae,Carex,pichinchensis,Carex pichinchensis,7
2018,PFTC3,March,QUE,B,3,Gramminoid,Cyperaceae,Carex,pygmaea,Carex pygmaea,4
2018,PFTC3,March,QUE,B,3,Gramminoid,Cyperaceae,Rhynchospora,macrochaeta,Rhynchospora macrochaeta,2
2018,PFTC3,March,QUE,B,3,Woody,Ericaceae,Pernettya,prostrata,Pernettya prostrata,1
2018,PFTC3,March,QUE,B,3,Forb,Gentianaceae,Gentiana,sedifolia,Gentiana sedifolia,2
2018,PFTC3,March,QUE,B,3,Forb,Geraniaceae,Geranium,sessiliflorum,Geranium sessiliflorum,0.5
2018,PFTC3,March,QUE,B,3,Woody,Hypericaceae,Hypericum,andinum,Hypericum andinum,6
2018,PFTC3,March,QUE,B,3,Gramminoid,Juncaceae,Luzula,racemosa,Luzula racemosa,0.5
2018,PFTC3,March,QUE,B,3,Forb,Orobanchaceae,Bartsia,tricophylla,Bartsia tricophylla,4
2018,PFTC3,March,QUE,B,3,Forb,Oxalidaceae,Oxalis,oreocharis,Oxalis oreocharis,0.5
2018,PFTC3,March,QUE,B,3,Gramminoid,Poaceae,Agrostis,foliata,Agrostis foliata,1
2018,PFTC3,March,QUE,B,3,Gramminoid,Poaceae,Agrostis,haenkeana,Agrostis haenkeana,1
2018,PFTC3,March,QUE,B,3,Gramminoid,Poaceae,Agrostis,mertensii,Agrostis mertensii,1
2018,PFTC3,March,QUE,B,3,Gramminoid,Poaceae,Agrostis,trichodes,Agrostis trichodes,1
2018,PFTC3,March,QUE,B,3,Gramminoid,Poaceae,Anatherostipa,hans-meyeri,Anatherostipa hans-meyeri,10
2018,PFTC3,March,QUE,B,3,Gramminoid,Poaceae,Bromus,lanatus,Bromus lanatus,1
2018,PFTC3,March,QUE,B,3,Gramminoid,Poaceae,Calamagrostis,tarmensis,Calamagrostis tarmensis,27
2018,PFTC3,March,QUE,B,3,Moss,Polytrichaceae,Polytrichum,sp1,Polytrichum sp1,0.5
2018,PFTC3,March,QUE,B,4,Forb,Asteraceae,Antennaria,linearifolia,Antennaria linearifolia,2
2018,PFTC3,March,QUE,B,4,Forb,Asteraceae,Aphanactis,villosa,Aphanactis villosa,1
2018,PFTC3,March,QUE,B,4,Forb,Asteraceae,Hypochaeris,taraxacoides,Hypochaeris taraxacoides,1
2018,PFTC3,March,QUE,B,4,Forb,Asteraceae,Oreithales,integrifolia,Oreithales integrifolia,6
2018,PFTC3,March,QUE,B,4,Forb,Asteraceae,Werneria,nubigena,Werneria nubigena,3
2018,PFTC3,March,QUE,B,4,Forb,Asteraceae,Werneria,villosa,Werneria villosa,10
2018,PFTC3,March,QUE,B,4,Woody,Asteraceae,Baccharis,caespitosa,Baccharis caespitosa,1
2018,PFTC3,March,QUE,B,4,Forb,Caprifoliaceae,Belonanthus,hispidus,Belonanthus hispidus,0.5
2018,PFTC3,March,QUE,B,4,Gramminoid,Cyperaceae,Carex,boliviensis,Carex boliviensis,0.5
2018,PFTC3,March,QUE,B,4,Gramminoid,Cyperaceae,Carex,pichinchensis,Carex pichinchensis,3
2018,PFTC3,March,QUE,B,4,Gramminoid,Cyperaceae,Carex,pygmaea,Carex pygmaea,0.5
2018,PFTC3,March,QUE,B,4,Gramminoid,Cyperaceae,Rhynchospora,macrochaeta,Rhynchospora macrochaeta,1
2018,PFTC3,March,QUE,B,4,Forb,Gentianaceae,Gentiana,sedifolia,Gentiana sedifolia,0.5
2018,PFTC3,March,QUE,B,4,Forb,Geraniaceae,Geranium,sessiliflorum,Geranium sessiliflorum,0.5
2018,PFTC3,March,QUE,B,4,Woody,Hypericaceae,Hypericum,andinum,Hypericum andinum,5
2018,PFTC3,March,QUE,B,4,Gramminoid,Juncaceae,Luzula,racemosa,Luzula racemosa,4
2018,PFTC3,March,QUE,B,4,Forb,Orchidaceae,Pterichis,sp1,Pterichis sp1,0.5
2018,PFTC3,March,QUE,B,4,Forb,Orobanchaceae,Bartsia,tricophylla,Bartsia tricophylla,2
2018,PFTC3,March,QUE,B,4,Forb,Oxalidaceae,Oxalis,oreocharis,Oxalis oreocharis,0.5
2018,PFTC3,March,QUE,B,4,Gramminoid,Poaceae,Agrostis,foliata,Agrostis foliata,4
2018,PFTC3,March,QUE,B,4,Gramminoid,Poaceae,Agrostis,mertensii,Agrostis mertensii,3
2018,PFTC3,March,QUE,B,4,Gramminoid,Poaceae,Anatherostipa,hans-meyeri,Anatherostipa hans-meyeri,10
2018,PFTC3,March,QUE,B,4,Gramminoid,Poaceae,Bromus,lanatus,Bromus lanatus,2.5
2018,PFTC3,March,QUE,B,4,Gramminoid,Poaceae,Calamagrostis,tarmensis,Calamagrostis tarmensis,25
2018,PFTC3,March,QUE,B,4,Gramminoid,Poaceae,Poa,sp2,Poa sp2,0.5
2018,PFTC3,March,QUE,B,4,Gramminoid,Poaceae,Poa,spicigera,Poa spicigera,3
2018,PFTC3,March,QUE,B,4,Moss,Polytrichaceae,Polytrichum,sp1,Polytrichum sp1,3
2018,PFTC3,March,QUE,B,4,Forb,Rosaceae,Lachemilla,cf vulcanica,Lachemilla cf vulcanica,0.5
2018,PFTC3,March,QUE,B,5,Forb,Asteraceae,Antennaria,linearifolia,Antennaria linearifolia,3
2018,PFTC3,March,QUE,B,5,Forb,Asteraceae,Gamochaeta,coarctata,Gamochaeta coarctata,0.5
2018,PFTC3,March,QUE,B,5,Forb,Asteraceae,Hieracium,cf. mandonii,Hieracium cf. mandonii,0.5
2018,PFTC3,March,QUE,B,5,Woody,Asteraceae,Baccharis,caespitosa,Baccharis caespitosa,1
2018,PFTC3,March,QUE,B,5,Forb,Caprifoliaceae,Belonanthus,hispidus,Belonanthus hispidus,0.5
2018,PFTC3,March,QUE,B,5,Forb,Caryophyllaceae,Cerastium,arvense,Cerastium arvense,1
2018,PFTC3,March,QUE,B,5,Gramminoid,Cyperaceae,Carex,pichinchensis,Carex pichinchensis,0.5
2018,PFTC3,March,QUE,B,5,Gramminoid,Cyperaceae,Carex,pygmaea,Carex pygmaea,0.5
2018,PFTC3,March,QUE,B,5,Gramminoid,Cyperaceae,Rhynchospora,macrochaeta,Rhynchospora macrochaeta,15
2018,PFTC3,March,QUE,B,5,Woody,Ericaceae,Gaultheria,glomerata,Gaultheria glomerata,1
2018,PFTC3,March,QUE,B,5,Woody,Ericaceae,Pernettya,prostrata,Pernettya prostrata,10
2018,PFTC3,March,QUE,B,5,Woody,Ericaceae,Vaccinium,floribundum,Vaccinium floribundum,0.5
2018,PFTC3,March,QUE,B,5,Forb,Gentianaceae,Gentiana,sedifolia,Gentiana sedifolia,0.5
2018,PFTC3,March,QUE,B,5,Forb,Gentianaceae,Gentianella,ernestii,Gentianella ernestii,0.5
2018,PFTC3,March,QUE,B,5,Forb,Geraniaceae,Geranium,sessiliflorum,Geranium sessiliflorum,0.5
2018,PFTC3,March,QUE,B,5,Woody,Hypericaceae,Hypericum,andinum,Hypericum andinum,6
2018,PFTC3,March,QUE,B,5,Gramminoid,Juncaceae,Luzula,racemosa,Luzula racemosa,0.5
2018,PFTC3,March,QUE,B,5,Fern,Lycopodiaceae,Lycopodium,clavatum,Lycopodium clavatum,5
2018,PFTC3,March,QUE,B,5,Forb,Orobanchaceae,Bartsia,tricophylla,Bartsia tricophylla,2
2018,PFTC3,March,QUE,B,5,Forb,Oxalidaceae,Oxalis,oreocharis,Oxalis oreocharis,0.5
2018,PFTC3,March,QUE,B,5,Gramminoid,Poaceae,Agrostis,foliata,Agrostis foliata,1
2018,PFTC3,March,QUE,B,5,Gramminoid,Poaceae,Agrostis,mertensii,Agrostis mertensii,7
2018,PFTC3,March,QUE,B,5,Gramminoid,Poaceae,Bromus,lanatus,Bromus lanatus,1
2018,PFTC3,March,QUE,B,5,Gramminoid,Poaceae,Calamagrostis,rigida,Calamagrostis rigida,50
2018,PFTC3,March,QUE,B,5,Moss,Polytrichaceae,Polytrichum,sp1,Polytrichum sp1,0.5
2018,PFTC3,March,QUE,B,5,Forb,Rosaceae,Lachemilla,cf vulcanica,Lachemilla cf vulcanica,1
2018,PFTC3,March,TRE,C,1,Gramminoid,Cyperaceae,Carex,pichinchensis,Carex pichinchensis,6
2018,PFTC3,March,TRE,C,1,Gramminoid,Cyperaceae,Rhynchospora,macrochaeta,Rhynchospora macrochaeta,2
2018,PFTC3,March,TRE,C,1,Woody,Ericaceae,Gaultheria,glomerata,Gaultheria glomerata,0.5
2018,PFTC3,March,TRE,C,1,Woody,Ericaceae,Pernettya,prostrata,Pernettya prostrata,1
2018,PFTC3,March,TRE,C,1,Forb,Gentianaceae,Halenia,umbellata,Halenia umbellata,3
2018,PFTC3,March,TRE,C,1,Woody,Hypericaceae,Hypericum,andinum,Hypericum andinum,13
2018,PFTC3,March,TRE,C,1,Gramminoid,Poaceae,Agrostis,mertensii,Agrostis mertensii,5
2018,PFTC3,March,TRE,C,1,Gramminoid,Poaceae,Bromus,lanatus,Bromus lanatus,0.5
2018,PFTC3,March,TRE,C,1,Gramminoid,Poaceae,Calamagrostis,cf. amoena,Calamagrostis cf. amoena,50
2018,PFTC3,March,TRE,C,1,Gramminoid,Poaceae,Calamagrostis,tarmensis,Calamagrostis tarmensis,5
2018,PFTC3,March,TRE,C,1,Gramminoid,Poaceae,Festuca,dolichophylla,Festuca dolichophylla,2
2018,PFTC3,March,TRE,C,1,Gramminoid,Poaceae,Paspalum,bonplandianum,Paspalum bonplandianum,0.5
2018,PFTC3,March,TRE,C,1,Forb,Rosaceae,Lachemilla,orbiculata,Lachemilla orbiculata,0.5
2018,PFTC3,March,TRE,C,1,Forb,Violaceae,Viola,pygmaea,Viola pygmaea,0.5
2018,PFTC3,March,TRE,C,2,Forb,Asteraceae,Oreithales,integrifolia,Oreithales integrifolia,0.5
2018,PFTC3,March,TRE,C,2,Forb,Asteraceae,Oritrophium,hieracioides,Oritrophium hieracioides,0.5
2018,PFTC3,March,TRE,C,2,Gramminoid,Cyperaceae,Carex,bonplandii,Carex bonplandii,5
2018,PFTC3,March,TRE,C,2,Gramminoid,Cyperaceae,Carex,pichinchensis,Carex pichinchensis,0.5
2018,PFTC3,March,TRE,C,2,Gramminoid,Cyperaceae,Rhynchospora,macrochaeta,Rhynchospora macrochaeta,5
2018,PFTC3,March,TRE,C,2,Gramminoid,Cyperaceae,Trichophorum,rigidum,Trichophorum rigidum,1
2018,PFTC3,March,TRE,C,2,Woody,Ericaceae,Vaccinium,floribundum,Vaccinium floribundum,1
2018,PFTC3,March,TRE,C,2,Forb,Gentianaceae,Halenia,umbellata,Halenia umbellata,2
2018,PFTC3,March,TRE,C,2,Woody,Hypericaceae,Hypericum,andinum,Hypericum andinum,0.5
2018,PFTC3,March,TRE,C,2,Gramminoid,Juncaceae,Luzula,racemosa,Luzula racemosa,1
2018,PFTC3,March,TRE,C,2,Gramminoid,Poaceae,Agrostis,mertensii,Agrostis mertensii,0.5
2018,PFTC3,March,TRE,C,2,Gramminoid,Poaceae,Bromus,lanatus,Bromus lanatus,1
2018,PFTC3,March,TRE,C,2,Gramminoid,Poaceae,Calamagrostis,cf. amoena,Calamagrostis cf. amoena,0.5
2018,PFTC3,March,TRE,C,2,Gramminoid,Poaceae,Calamagrostis,tarmensis,Calamagrostis tarmensis,60
2018,PFTC3,March,TRE,C,2,Gramminoid,Poaceae,Festuca,dolichophylla,Festuca dolichophylla,5
2018,PFTC3,March,TRE,C,2,Forb,Rosaceae,Lachemilla,orbiculata,Lachemilla orbiculata,1
2018,PFTC3,March,TRE,C,2,Forb,Violaceae,Viola,pygmaea,Viola pygmaea,0.5
2018,PFTC3,March,TRE,C,3,Forb,Asteraceae,Bidens,triplinervia,Bidens triplinervia,0.5
2018,PFTC3,March,TRE,C,3,Forb,Asteraceae,Oreithales,integrifolia,Oreithales integrifolia,0.5
2018,PFTC3,March,TRE,C,3,Forb,Campanulaceae,Lysipomia,laciniata,Lysipomia laciniata,1
2018,PFTC3,March,TRE,C,3,Gramminoid,Cyperaceae,Carex,pichinchensis,Carex pichinchensis,5
2018,PFTC3,March,TRE,C,3,Gramminoid,Cyperaceae,Carex,pygmaea,Carex pygmaea,8
2018,PFTC3,March,TRE,C,3,Gramminoid,Cyperaceae,Rhynchospora,macrochaeta,Rhynchospora macrochaeta,0.5
2018,PFTC3,March,TRE,C,3,Gramminoid,Cyperaceae,Trichophorum,rigidum,Trichophorum rigidum,3
2018,PFTC3,March,TRE,C,3,Woody,Ericaceae,Pernettya,prostrata,Pernettya prostrata,9
2018,PFTC3,March,TRE,C,3,Forb,Gentianaceae,Gentiana,sedifolia,Gentiana sedifolia,0.5
2018,PFTC3,March,TRE,C,3,Forb,Gentianaceae,Halenia,umbellata,Halenia umbellata,5
2018,PFTC3,March,TRE,C,3,Woody,Hypericaceae,Hypericum,andinum,Hypericum andinum,12
2018,PFTC3,March,TRE,C,3,Gramminoid,Poaceae,Bromus,lanatus,Bromus lanatus,2
2018,PFTC3,March,TRE,C,3,Gramminoid,Poaceae,Calamagrostis,cf. amoena,Calamagrostis cf. amoena,30
2018,PFTC3,March,TRE,C,3,Gramminoid,Poaceae,Calamagrostis,tarmensis,Calamagrostis tarmensis,25
2018,PFTC3,March,TRE,C,3,Gramminoid,Poaceae,Chusquea,intipaqariy,Chusquea intipaqariy,6
2018,PFTC3,March,TRE,C,3,Gramminoid,Poaceae,Festuca,dolichophylla,Festuca dolichophylla,0.5
2018,PFTC3,March,TRE,C,3,Gramminoid,Poaceae,Paspalum,bonplandianum,Paspalum bonplandianum,2
2018,PFTC3,March,TRE,C,3,Forb,Rosaceae,Acaena,cylindristachya,Acaena cylindristachya,0.5
2018,PFTC3,March,TRE,C,3,Forb,Rosaceae,Lachemilla,orbiculata,Lachemilla orbiculata,1
2018,PFTC3,March,TRE,C,3,Forb,Violaceae,Viola,pygmaea,Viola pygmaea,0.5
2018,PFTC3,March,TRE,C,4,Forb,Asteraceae,Perezia,pungens,Perezia pungens,1
2018,PFTC3,March,TRE,C,4,Woody,Asteraceae,Baccharis,genistelloides,Baccharis genistelloides,0.5
2018,PFTC3,March,TRE,C,4,Gramminoid,Cyperaceae,Carex,pichinchensis,Carex pichinchensis,3
2018,PFTC3,March,TRE,C,4,Gramminoid,Cyperaceae,Carex,pygmaea,Carex pygmaea,8
2018,PFTC3,March,TRE,C,4,Gramminoid,Cyperaceae,Rhynchospora,macrochaeta,Rhynchospora macrochaeta,3
2018,PFTC3,March,TRE,C,4,Woody,Ericaceae,Gaultheria,glomerata,Gaultheria glomerata,4
2018,PFTC3,March,TRE,C,4,Woody,Ericaceae,Pernettya,prostrata,Pernettya prostrata,2
2018,PFTC3,March,TRE,C,4,Woody,Ericaceae,Vaccinium,floribundum,Vaccinium floribundum,6
2018,PFTC3,March,TRE,C,4,Forb,Gentianaceae,Halenia,umbellata,Halenia umbellata,2
2018,PFTC3,March,TRE,C,4,Fern,Lycopodiaceae,Lycopodium,clavatum,Lycopodium clavatum,0.5
2018,PFTC3,March,TRE,C,4,Gramminoid,Poaceae,Calamagrostis,tarmensis,Calamagrostis tarmensis,50
2018,PFTC3,March,TRE,C,4,Gramminoid,Poaceae,Festuca,dolichophylla,Festuca dolichophylla,0.5
2018,PFTC3,March,TRE,C,4,Forb,Violaceae,Lysipomia,laciniata,Lysipomia laciniata,0.5
2018,PFTC3,March,TRE,C,5,Forb,Asteraceae,Werneria,nubigena,Werneria nubigena,0.5
2018,PFTC3,March,TRE,C,5,Woody,Asteraceae,Baccharis,genistelloides,Baccharis genistelloides,0.5
2018,PFTC3,March,TRE,C,5,Gramminoid,Cyperaceae,Rhynchospora,macrochaeta,Rhynchospora macrochaeta,2
2018,PFTC3,March,TRE,C,5,Gramminoid,Cyperaceae,Trichophorum,rigidum,Trichophorum rigidum,1
2018,PFTC3,March,TRE,C,5,Woody,Ericaceae,Gaultheria,glomerata,Gaultheria glomerata,10
2018,PFTC3,March,TRE,C,5,Woody,Ericaceae,Pernettya,prostrata,Pernettya prostrata,6
2018,PFTC3,March,TRE,C,5,Woody,Ericaceae,Vaccinium,floribundum,Vaccinium floribundum,10
2018,PFTC3,March,TRE,C,5,Forb,Gentianaceae,Halenia,umbellata,Halenia umbellata,0.5
2018,PFTC3,March,TRE,C,5,Woody,Hypericaceae,Hypericum,andinum,Hypericum andinum,5
2018,PFTC3,March,TRE,C,5,Gramminoid,Juncaceae,Luzula,racemosa,Luzula racemosa,2.5
2018,PFTC3,March,TRE,C,5,Fern,Lycopodiaceae,Lycopodium,clavatum,Lycopodium clavatum,2
2018,PFTC3,March,TRE,C,5,Gramminoid,Poaceae,Bromus,lanatus,Bromus lanatus,1
2018,PFTC3,March,TRE,C,5,Gramminoid,Poaceae,Calamagrostis,cf. amoena,Calamagrostis cf. amoena,33
2018,PFTC3,March,TRE,C,5,Gramminoid,Poaceae,Festuca,dolichophylla,Festuca dolichophylla,15
2018,PFTC3,March,TRE,C,5,Gramminoid,Poaceae,Paspalum,bonplandianum,Paspalum bonplandianum,4
2018,PFTC3,March,WAY,B,1,Forb,Asteraceae,Senecio,burkartii,Senecio burkartii,0.5
2018,PFTC3,March,WAY,B,1,Forb,Asteraceae,Stevia,pennellii,Stevia pennellii,11
2018,PFTC3,March,WAY,B,1,Woody,Asteraceae,Baccharis,tricuneata,Baccharis tricuneata,0.5
2018,PFTC3,March,WAY,B,1,Gramminoid,Cyperaceae,Carex,cf. crinalis,Carex cf. crinalis,1
2018,PFTC3,March,WAY,B,1,Gramminoid,Cyperaceae,Rhynchospora,aristata,Rhynchospora aristata,0.5
2018,PFTC3,March,WAY,B,1,Woody,Ericaceae,Gaultheria,vaccinioides,Gaultheria vaccinioides,3
2018,PFTC3,March,WAY,B,1,Forb,Gentianaceae,Gentiana,sedifolia,Gentiana sedifolia,0.5
2018,PFTC3,March,WAY,B,1,Forb,Gentianaceae,Halenia,umbellata,Halenia umbellata,3
2018,PFTC3,March,WAY,B,1,Forb,Iridaceae,Sisyrinchium,vaginatum,Sisyrinchium vaginatum,0.5
2018,PFTC3,March,WAY,B,1,Fern,Lycopodiaceae,Lycopodium,thyoides,Lycopodium thyoides,10
2018,PFTC3,March,WAY,B,1,Woody,Melastomataceae,Brachyotum,grisebachii,Brachyotum grisebachii,0.5
2018,PFTC3,March,WAY,B,1,Forb,Orchidaceae,Cyrtochilum,mystacinum,Cyrtochilum mystacinum,2
2018,PFTC3,March,WAY,B,1,Forb,Orchidaceae,Pterichis,sp1,Pterichis sp1,0.5
2018,PFTC3,March,WAY,B,1,Gramminoid,Poaceae,Calamagrostis,rigida,Calamagrostis rigida,43
2018,PFTC3,March,WAY,B,1,Gramminoid,Poaceae,Danthonia,secundiflora,Danthonia secundiflora,3
2018,PFTC3,March,WAY,B,1,Gramminoid,Poaceae,Festuca,dolichophylla,Festuca dolichophylla,10
2018,PFTC3,March,WAY,B,1,Moss,Polytrichaceae,Polytrichum,sp1,Polytrichum sp1,0.5
2018,PFTC3,March,WAY,B,1,Fern,Pteridaceae,Eriosorus,cheilanthoides,Eriosorus cheilanthoides,0.5
2018,PFTC3,March,WAY,B,1,Fern,Pteridaceae,Jamesonia,blepharum,Jamesonia blepharum,0.5
2018,PFTC3,March,WAY,B,1,Forb,Rubiaceae,Galium,corymbosum,Galium corymbosum,0.5
2018,PFTC3,March,WAY,B,1,Forb,Rubiaceae,Nertera,granadensis,Nertera granadensis,5
2018,PFTC3,March,WAY,B,2,Forb,Asteraceae,Gnaphalium,dombeyanum,Gnaphalium dombeyanum,0.5
2018,PFTC3,March,WAY,B,2,Forb,Asteraceae,Senecio,burkartii,Senecio burkartii,0.5
2018,PFTC3,March,WAY,B,2,Forb,Asteraceae,Stevia,pennellii,Stevia pennellii,1
2018,PFTC3,March,WAY,B,2,Gramminoid,Cyperaceae,Carex,cf. crinalis,Carex cf. crinalis,4
2018,PFTC3,March,WAY,B,2,Fern,Dryopteridaceae,Elaphoglossum,huacsaro,Elaphoglossum huacsaro,1
2018,PFTC3,March,WAY,B,2,Forb,Gentianaceae,Halenia,umbellata,Halenia umbellata,0.5
2018,PFTC3,March,WAY,B,2,Fern,Lycopodiaceae,Lycopodium,clavatum,Lycopodium clavatum,2
2018,PFTC3,March,WAY,B,2,Fern,Lycopodiaceae,Lycopodium,thyoides,Lycopodium thyoides,5
2018,PFTC3,March,WAY,B,2,Forb,Orchidaceae,Pterichis,sp1,Pterichis sp1,0.5
2018,PFTC3,March,WAY,B,2,Gramminoid,Poaceae,Calamagrostis,rigida,Calamagrostis rigida,75
2018,PFTC3,March,WAY,B,2,Gramminoid,Poaceae,Festuca,dolichophylla,Festuca dolichophylla,10
2018,PFTC3,March,WAY,B,2,Fern,Pteridaceae,Eriosorus,cheilanthoides,Eriosorus cheilanthoides,0.5
2018,PFTC3,March,WAY,B,2,Forb,Rubiaceae,Nertera,granadensis,Nertera granadensis,0.5
2018,PFTC3,March,WAY,B,3,Forb,Asteraceae,Gnaphalium,dombeyanum,Gnaphalium dombeyanum,3
2018,PFTC3,March,WAY,B,3,Forb,Asteraceae,Senecio,burkartii,Senecio burkartii,2
2018,PFTC3,March,WAY,B,3,Forb,Asteraceae,Stevia,pennellii,Stevia pennellii,0.5
2018,PFTC3,March,WAY,B,3,Gramminoid,Cyperaceae,Carex,bonplandii,Carex bonplandii,2
2018,PFTC3,March,WAY,B,3,Gramminoid,Cyperaceae,Rhynchospora,aristata,Rhynchospora aristata,7
2018,PFTC3,March,WAY,B,3,Fern,Dennstaedtiaceae,Pteridium,aquilinum,Pteridium aquilinum,0.5
2018,PFTC3,March,WAY,B,3,Woody,Ericaceae,Gaultheria,glomerata,Gaultheria glomerata,0.5
2018,PFTC3,March,WAY,B,3,Fern,Lycopodiaceae,Lycopodium,clavatum,Lycopodium clavatum,3
2018,PFTC3,March,WAY,B,3,Fern,Lycopodiaceae,Lycopodium,thyoides,Lycopodium thyoides,6
2018,PFTC3,March,WAY,B,3,Forb,Orchidaceae,Pterichis,sp1,Pterichis sp1,0.5
2018,PFTC3,March,WAY,B,3,Gramminoid,Poaceae,Calamagrostis,cf. amoena,Calamagrostis cf. amoena,3
2018,PFTC3,March,WAY,B,3,Gramminoid,Poaceae,Calamagrostis,tarmensis,Calamagrostis tarmensis,2
2018,PFTC3,March,WAY,B,3,Gramminoid,Poaceae,Danthonia,secundiflora,Danthonia secundiflora,3
2018,PFTC3,March,WAY,B,3,Gramminoid,Poaceae,Festuca,dolichophylla,Festuca dolichophylla,15
2018,PFTC3,March,WAY,B,3,Forb,Rosaceae,Lachemilla,orbiculata,Lachemilla orbiculata,0.5
2018,PFTC3,March,WAY,B,4,Forb,Asteraceae,Gnaphalium,dombeyanum,Gnaphalium dombeyanum,0.5
2018,PFTC3,March,WAY,B,4,Forb,Asteraceae,Senecio,burkartii,Senecio burkartii,0.5
2018,PFTC3,March,WAY,B,4,Forb,Asteraceae,Stevia,pennellii,Stevia pennellii,2
2018,PFTC3,March,WAY,B,4,Gramminoid,Cyperaceae,Carex,bonplandii,Carex bonplandii,0.5
2018,PFTC3,March,WAY,B,4,Gramminoid,Cyperaceae,Carex,cf. crinalis,Carex cf. crinalis,2
2018,PFTC3,March,WAY,B,4,Gramminoid,Cyperaceae,Rhynchospora,aristata,Rhynchospora aristata,1
2018,PFTC3,March,WAY,B,4,Fern,Lycopodiaceae,Lycopodium,clavatum,Lycopodium clavatum,1
2018,PFTC3,March,WAY,B,4,Fern,Lycopodiaceae,Lycopodium,thyoides,Lycopodium thyoides,8
2018,PFTC3,March,WAY,B,4,Gramminoid,Poaceae,Agrostis,mertensii,Agrostis mertensii,1
2018,PFTC3,March,WAY,B,4,Gramminoid,Poaceae,Calamagrostis,rigida,Calamagrostis rigida,40
2018,PFTC3,March,WAY,B,4,Gramminoid,Poaceae,Festuca,dolichophylla,Festuca dolichophylla,5
2018,PFTC3,March,WAY,B,4,Gramminoid,Poaceae,Paspalum,bonplandianum,Paspalum bonplandianum,2
2018,PFTC3,March,WAY,B,4,Forb,Rubiaceae,Nertera,granadensis,Nertera granadensis,0.5
2018,PFTC3,March,WAY,B,5,Forb,Alstroemeriaceae,Bomarea,brevis,Bomarea brevis,0.5
2018,PFTC3,March,WAY,B,5,Forb,Asteraceae,Hieracium,cf. mandonii,Hieracium cf. mandonii,0.5
2018,PFTC3,March,WAY,B,5,Forb,Asteraceae,Hypochaeris,taraxacoides,Hypochaeris taraxacoides,5
2018,PFTC3,March,WAY,B,5,Forb,Asteraceae,Stevia,pennellii,Stevia pennellii,1.5
2018,PFTC3,March,WAY,B,5,Gramminoid,Cyperaceae,Carex,boliviensis,Carex boliviensis,0.5
2018,PFTC3,March,WAY,B,5,Gramminoid,Cyperaceae,Rhynchospora,aristata,Rhynchospora aristata,0.5
2018,PFTC3,March,WAY,B,5,Fern,Dennstaedtiaceae,Pteridium,aquilinum,Pteridium aquilinum,0.5
2018,PFTC3,March,WAY,B,5,Forb,Gentianaceae,Halenia,umbellata,Halenia umbellata,1
2018,PFTC3,March,WAY,B,5,Forb,Iridaceae,Sisyrinchium,vaginatum,Sisyrinchium vaginatum,0.5
2018,PFTC3,March,WAY,B,5,Fern,Lycopodiaceae,Lycopodium,thyoides,Lycopodium thyoides,10
2018,PFTC3,March,WAY,B,5,Forb,Orchidaceae,Pterichis,sp1,Pterichis sp1,0.5
2018,PFTC3,March,WAY,B,5,Gramminoid,Poaceae,Agrostis,mertensii,Agrostis mertensii,3
2018,PFTC3,March,WAY,B,5,Gramminoid,Poaceae,Calamagrostis,cf. amoena,Calamagrostis cf. amoena,52
2018,PFTC3,March,WAY,B,5,Gramminoid,Poaceae,Calamagrostis,tarmensis,Calamagrostis tarmensis,4
2018,PFTC3,March,WAY,B,5,Gramminoid,Poaceae,Festuca,dolichophylla,Festuca dolichophylla,1
2018,PFTC3,March,WAY,B,5,Gramminoid,Poaceae,Paspalum,bonplandianum,Paspalum bonplandianum,0.5
2018,PFTC3,March,WAY,C,1,Forb,Asteraceae,Gnaphalium,dombeyanum,Gnaphalium dombeyanum,1
2018,PFTC3,March,WAY,C,1,Forb,Asteraceae,Hieracium,cf. mandonii,Hieracium cf. mandonii,0.5
2018,PFTC3,March,WAY,C,1,Forb,Asteraceae,Hypochaeris,taraxacoides,Hypochaeris taraxacoides,3
2018,PFTC3,March,WAY,C,1,Forb,Asteraceae,Stevia,pennellii,Stevia pennellii,9
2018,PFTC3,March,WAY,C,1,Forb,Asteraceae,Werneria,nubigena,Werneria nubigena,6
2018,PFTC3,March,WAY,C,1,Woody,Asteraceae,Baccharis,genistelloides,Baccharis genistelloides,4
2018,PFTC3,March,WAY,C,1,Gramminoid,Cyperaceae,Carex,boliviensis,Carex boliviensis,2
2018,PFTC3,March,WAY,C,1,Forb,Gentianaceae,Halenia,umbellata,Halenia umbellata,0.5
2018,PFTC3,March,WAY,C,1,Fern,Lycopodiaceae,Lycopodium,thyoides,Lycopodium thyoides,18
2018,PFTC3,March,WAY,C,1,Gramminoid,Poaceae,Agrostis,mertensii,Agrostis mertensii,5
2018,PFTC3,March,WAY,C,1,Gramminoid,Poaceae,Calamagrostis,cf. amoena,Calamagrostis cf. amoena,5
2018,PFTC3,March,WAY,C,1,Gramminoid,Poaceae,Danthonia,secundiflora,Danthonia secundiflora,20
2018,PFTC3,March,WAY,C,1,Gramminoid,Poaceae,Festuca,dolichophylla,Festuca dolichophylla,15
2018,PFTC3,March,WAY,C,1,Gramminoid,Poaceae,Paspalum,bonplandianum,Paspalum bonplandianum,6
2018,PFTC3,March,WAY,C,1,Forb,Rosaceae,Lachemilla,orbiculata,Lachemilla orbiculata,7
2018,PFTC3,March,WAY,C,1,Forb,Rubiaceae,Nertera,granadensis,Nertera granadensis,0.5
2018,PFTC3,March,WAY,C,2,Forb,Asteraceae,Senecio,burkartii,Senecio burkartii,3
2018,PFTC3,March,WAY,C,2,Woody,Asteraceae,Baccharis,genistelloides,Baccharis genistelloides,4
2018,PFTC3,March,WAY,C,2,Gramminoid,Cyperaceae,Carex,boliviensis,Carex boliviensis,1
2018,PFTC3,March,WAY,C,2,Forb,Gentianaceae,Halenia,umbellata,Halenia umbellata,2
2018,PFTC3,March,WAY,C,2,Fern,Lycopodiaceae,Lycopodium,clavatum,Lycopodium clavatum,5
2018,PFTC3,March,WAY,C,2,Forb,Orchidaceae,Gomphichis,valida,Gomphichis valida,0.5
2018,PFTC3,March,WAY,C,2,Gramminoid,Poaceae,Agrostis,mertensii,Agrostis mertensii,1
2018,PFTC3,March,WAY,C,2,Gramminoid,Poaceae,Calamagrostis,cf. amoena,Calamagrostis cf. amoena,59
2018,PFTC3,March,WAY,C,2,Gramminoid,Poaceae,Calamagrostis,tarmensis,Calamagrostis tarmensis,6
2018,PFTC3,March,WAY,C,2,Gramminoid,Poaceae,Danthonia,secundiflora,Danthonia secundiflora,4
2018,PFTC3,March,WAY,C,2,Gramminoid,Poaceae,Festuca,dolichophylla,Festuca dolichophylla,4
2018,PFTC3,March,WAY,C,2,Gramminoid,Poaceae,Paspalum,bonplandianum,Paspalum bonplandianum,2
2018,PFTC3,March,WAY,C,2,Fern,Pteridaceae,Eriosorus,cheilanthoides,Eriosorus cheilanthoides,0.5
2018,PFTC3,March,WAY,C,2,Forb,Rubiaceae,Nertera,granadensis,Nertera granadensis,1
2018,PFTC3,March,WAY,C,3,Forb,Asteraceae,Gnaphalium,dombeyanum,Gnaphalium dombeyanum,1
2018,PFTC3,March,WAY,C,3,Forb,Asteraceae,Hieracium,cf. mandonii,Hieracium cf. mandonii,0.5
2018,PFTC3,March,WAY,C,3,Forb,Asteraceae,Senecio,burkartii,Senecio burkartii,0.5
2018,PFTC3,March,WAY,C,3,Forb,Asteraceae,Stevia,pennellii,Stevia pennellii,5
2018,PFTC3,March,WAY,C,3,Woody,Asteraceae,Baccharis,genistelloides,Baccharis genistelloides,3
2018,PFTC3,March,WAY,C,3,Gramminoid,Cyperaceae,Carex,boliviensis,Carex boliviensis,2
2018,PFTC3,March,WAY,C,3,Woody,Ericaceae,Gaultheria,glomerata,Gaultheria glomerata,1
2018,PFTC3,March,WAY,C,3,Forb,Gentianaceae,Halenia,umbellata,Halenia umbellata,3
2018,PFTC3,March,WAY,C,3,Fern,Lycopodiaceae,Lycopodium,clavatum,Lycopodium clavatum,15
2018,PFTC3,March,WAY,C,3,Fern,Lycopodiaceae,Lycopodium,thyoides,Lycopodium thyoides,6
2018,PFTC3,March,WAY,C,3,Gramminoid,Poaceae,Agrostis,mertensii,Agrostis mertensii,30
2018,PFTC3,March,WAY,C,3,Gramminoid,Poaceae,Calamagrostis,cf. amoena,Calamagrostis cf. amoena,50
2018,PFTC3,March,WAY,C,3,Gramminoid,Poaceae,Festuca,dolichophylla,Festuca dolichophylla,20
2018,PFTC3,March,WAY,C,3,Gramminoid,Poaceae,Paspalum,bonplandianum,Paspalum bonplandianum,9
2018,PFTC3,March,WAY,C,3,Fern,Pteridaceae,Eriosorus,cheilanthoides,Eriosorus cheilanthoides,0.5
2018,PFTC3,March,WAY,C,4,Forb,Asteraceae,Gnaphalium,dombeyanum,Gnaphalium dombeyanum,2
2018,PFTC3,March,WAY,C,4,Forb,Asteraceae,Stevia,pennellii,Stevia pennellii,5
2018,PFTC3,March,WAY,C,4,Woody,Asteraceae,Baccharis,genistelloides,Baccharis genistelloides,0.5
2018,PFTC3,March,WAY,C,4,Gramminoid,Cyperaceae,Carex,boliviensis,Carex boliviensis,2
2018,PFTC3,March,WAY,C,4,Gramminoid,Cyperaceae,Carex,cf. crinalis,Carex cf. crinalis,0.5
2018,PFTC3,March,WAY,C,4,Gramminoid,Cyperaceae,Rhynchospora,aristata,Rhynchospora aristata,1
2018,PFTC3,March,WAY,C,4,Forb,Gentianaceae,Gentiana,sedifolia,Gentiana sedifolia,0.5
2018,PFTC3,March,WAY,C,4,Forb,Iridaceae,Sisyrinchium,vaginatum,Sisyrinchium vaginatum,0.5
2018,PFTC3,March,WAY,C,4,Gramminoid,Poaceae,Agrostis,mertensii,Agrostis mertensii,25
2018,PFTC3,March,WAY,C,4,Gramminoid,Poaceae,Calamagrostis,tarmensis,Calamagrostis tarmensis,45
2018,PFTC3,March,WAY,C,4,Gramminoid,Poaceae,Danthonia,secundiflora,Danthonia secundiflora,3
2018,PFTC3,March,WAY,C,4,Gramminoid,Poaceae,Festuca,dolichophylla,Festuca dolichophylla,1
2018,PFTC3,March,WAY,C,4,Gramminoid,Poaceae,Paspalum,bonplandianum,Paspalum bonplandianum,3
2018,PFTC3,March,WAY,C,5,Forb,Asteraceae,Stevia,pennellii,Stevia pennellii,3
2018,PFTC3,March,WAY,C,5,Forb,Asteraceae,Werneria,nubigena,Werneria nubigena,1
2018,PFTC3,March,WAY,C,5,Woody,Asteraceae,Baccharis,genistelloides,Baccharis genistelloides,0.5
2018,PFTC3,March,WAY,C,5,Gramminoid,Cyperaceae,Carex,boliviensis,Carex boliviensis,1
2018,PFTC3,March,WAY,C,5,Woody,Ericaceae,Gaultheria,glomerata,Gaultheria glomerata,0.5
2018,PFTC3,March,WAY,C,5,Woody,Ericaceae,Pernettya,prostrata,Pernettya prostrata,0.5
2018,PFTC3,March,WAY,C,5,Woody,Ericaceae,Vaccinium,floribundum,Vaccinium floribundum,0.5
2018,PFTC3,March,WAY,C,5,Forb,Gentianaceae,Halenia,umbellata,Halenia umbellata,2
2018,PFTC3,March,WAY,C,5,Fern,Lycopodiaceae,Lycopodium,clavatum,Lycopodium clavatum,7
2018,PFTC3,March,WAY,C,5,Woody,Melastomataceae,Brachyotum,grisebachii,Brachyotum grisebachii,4
2018,PFTC3,March,WAY,C,5,Forb,Orchidaceae,Pterichis,sp1,Pterichis sp1,0.5
2018,PFTC3,March,WAY,C,5,Gramminoid,Poaceae,Agrostis,mertensii,Agrostis mertensii,5
2018,PFTC3,March,WAY,C,5,Gramminoid,Poaceae,Calamagrostis,cf. amoena,Calamagrostis cf. amoena,25
2018,PFTC3,March,WAY,C,5,Gramminoid,Poaceae,Danthonia,secundiflora,Danthonia secundiflora,15.5
2018,PFTC3,March,WAY,C,5,Gramminoid,Poaceae,Festuca,dolichophylla,Festuca dolichophylla,37
2018,PFTC3,March,WAY,C,5,Gramminoid,Poaceae,Paspalum,bonplandianum,Paspalum bonplandianum,3
